age,income,economic_status,employment,car_avail,bike_avail,pt_abo_avail,zone,dist_group,main_mode,share
,,,,,,,,0 - 1000,bike,0.03993953574665
,,,,,,,,0 - 1000,car,0.010077686113465548
,,,,,,,,0 - 1000,pt,0.0035575461836548946
,,,,,,,,0 - 1000,ride,0.0037969819009802397
,,,,,,,,0 - 1000,walk,0.22881070677001764
,,,,,,,,1000 - 2000,bike,0.04698342341346555
,,,,,,,,1000 - 2000,car,0.023147292190076742
,,,,,,,,1000 - 2000,pt,0.02007970854535886
,,,,,,,,1000 - 2000,ride,0.010215459406613094
,,,,,,,,1000 - 2000,walk,0.05220619945665914
,,,,,,,,2000 - 5000,bike,0.05624516000252578
,,,,,,,,2000 - 5000,car,0.05164117094781402
,,,,,,,,2000 - 5000,pt,0.07035847284671681
,,,,,,,,2000 - 5000,ride,0.019753111426262702
,,,,,,,,2000 - 5000,walk,0.013501281662145714
,,,,,,,,5000 - 10000,bike,0.02693069701653698
,,,,,,,,5000 - 10000,car,0.05215320525856776
,,,,,,,,5000 - 10000,pt,0.08244750747280563
,,,,,,,,5000 - 10000,ride,0.01397122077983446
,,,,,,,,5000 - 10000,walk,0.001517535520605139
,,,,,,,,10000 - 20000,bike,0.007136782872703979
,,,,,,,,10000 - 20000,car,0.04134445948649564
,,,,,,,,10000 - 20000,pt,0.06385899348452925
,,,,,,,,10000 - 20000,ride,0.007926042173942492
,,,,,,,,10000 - 20000,walk,0.0005273153061550004
,,,,,,,,20000+,bike,0.0006419443250597948
,,,,,,,,20000+,car,0.022309302342807483
,,,,,,,,20000+,pt,0.024771142628339887
,,,,,,,,20000+,ride,0.003944497517436229
,,,,,,,,20000+,walk,0.00020561720177352156
0 - 12,,,,,,,,0 - 1000,bike,0.008517923186350437
0 - 12,,,,,,,,0 - 1000,car,3.3087829984082275e-06
0 - 12,,,,,,,,0 - 1000,pt,0.0002096824780535133
0 - 12,,,,,,,,0 - 1000,ride,0.002029469269805064
0 - 12,,,,,,,,0 - 1000,walk,0.03308803116309243
0 - 12,,,,,,,,1000 - 2000,bike,0.008096522930526682
0 - 12,,,,,,,,1000 - 2000,car,1.4482130927893376e-05
0 - 12,,,,,,,,1000 - 2000,pt,0.0022240552516710867
0 - 12,,,,,,,,1000 - 2000,ride,0.00548244643347418
0 - 12,,,,,,,,1000 - 2000,walk,0.0070833714423778225
0 - 12,,,,,,,,2000 - 5000,bike,0.004071005721068593
0 - 12,,,,,,,,2000 - 5000,car,6.301165237870091e-06
0 - 12,,,,,,,,2000 - 5000,pt,0.005203029203728283
0 - 12,,,,,,,,2000 - 5000,ride,0.008538310331494542
0 - 12,,,,,,,,2000 - 5000,walk,0.0008106474785451107
0 - 12,,,,,,,,5000 - 10000,bike,0.00037547491019678696
0 - 12,,,,,,,,5000 - 10000,car,5.398602409648083e-06
0 - 12,,,,,,,,5000 - 10000,pt,0.002694053920261828
0 - 12,,,,,,,,5000 - 10000,ride,0.004394592866035796
0 - 12,,,,,,,,5000 - 10000,walk,8.967264191923621e-05
0 - 12,,,,,,,,10000 - 20000,bike,7.579848095002919e-06
0 - 12,,,,,,,,10000 - 20000,car,0.0
0 - 12,,,,,,,,10000 - 20000,pt,0.0007491330684292405
0 - 12,,,,,,,,10000 - 20000,ride,0.0018407990404998905
0 - 12,,,,,,,,10000 - 20000,walk,4.039646752471745e-05
0 - 12,,,,,,,,20000+,bike,3.3087829984082275e-06
0 - 12,,,,,,,,20000+,car,0.0
0 - 12,,,,,,,,20000+,pt,0.00030231628953346167
0 - 12,,,,,,,,20000+,ride,0.0004951435481063568
0 - 12,,,,,,,,20000+,walk,2.9887238744409086e-05
12 - 18,,,,,,,,0 - 1000,bike,0.0019792792514497825
12 - 18,,,,,,,,0 - 1000,car,0.0
12 - 18,,,,,,,,0 - 1000,pt,0.00026781913936508694
12 - 18,,,,,,,,0 - 1000,ride,0.00010882485081855171
12 - 18,,,,,,,,0 - 1000,walk,0.007339990685009927
12 - 18,,,,,,,,1000 - 2000,bike,0.004346248067065028
12 - 18,,,,,,,,1000 - 2000,car,0.0
12 - 18,,,,,,,,1000 - 2000,pt,0.001538992156359736
12 - 18,,,,,,,,1000 - 2000,ride,0.00041055227571393845
12 - 18,,,,,,,,1000 - 2000,walk,0.0021890484059849395
12 - 18,,,,,,,,2000 - 5000,bike,0.0052400109508453216
12 - 18,,,,,,,,2000 - 5000,car,1.3804108659462701e-05
12 - 18,,,,,,,,2000 - 5000,pt,0.009673748842012386
12 - 18,,,,,,,,2000 - 5000,ride,0.001574332754614814
12 - 18,,,,,,,,2000 - 5000,walk,0.00036801454994234053
12 - 18,,,,,,,,5000 - 10000,bike,0.0006812006400720527
12 - 18,,,,,,,,5000 - 10000,car,1.3804108659462701e-05
12 - 18,,,,,,,,5000 - 10000,pt,0.007624584361236859
12 - 18,,,,,,,,5000 - 10000,ride,0.001409368305114249
12 - 18,,,,,,,,5000 - 10000,walk,1.723169042141231e-05
12 - 18,,,,,,,,10000 - 20000,bike,6.757042351144588e-05
12 - 18,,,,,,,,10000 - 20000,car,7.453909685531387e-06
12 - 18,,,,,,,,10000 - 20000,pt,0.002722903815289597
12 - 18,,,,,,,,10000 - 20000,ride,0.00043451071899363035
12 - 18,,,,,,,,10000 - 20000,walk,0.0
12 - 18,,,,,,,,20000+,bike,1.831017105587331e-05
12 - 18,,,,,,,,20000+,car,0.0
12 - 18,,,,,,,,20000+,pt,0.000484219630018591
12 - 18,,,,,,,,20000+,ride,0.00024232959934533506
12 - 18,,,,,,,,20000+,walk,2.1501580059874272e-05
18 - 25,,,,,,,,0 - 1000,bike,0.001432221646221816
18 - 25,,,,,,,,0 - 1000,car,0.00029110361309750416
18 - 25,,,,,,,,0 - 1000,pt,0.00023561400016997695
18 - 25,,,,,,,,0 - 1000,ride,0.00012385283120214407
18 - 25,,,,,,,,0 - 1000,walk,0.008069002092563936
18 - 25,,,,,,,,1000 - 2000,bike,0.002028124042469899
18 - 25,,,,,,,,1000 - 2000,car,0.0005968294026813628
18 - 25,,,,,,,,1000 - 2000,pt,0.0014637511700461901
18 - 25,,,,,,,,1000 - 2000,ride,0.00015932274468686333
18 - 25,,,,,,,,1000 - 2000,walk,0.00271524800733926
18 - 25,,,,,,,,2000 - 5000,bike,0.0037726492395604477
18 - 25,,,,,,,,2000 - 5000,car,0.0013884089847483213
18 - 25,,,,,,,,2000 - 5000,pt,0.006534172962434739
18 - 25,,,,,,,,2000 - 5000,ride,0.0006266720094108574
18 - 25,,,,,,,,2000 - 5000,walk,0.0009459002061526505
18 - 25,,,,,,,,5000 - 10000,bike,0.0014564852917102107
18 - 25,,,,,,,,5000 - 10000,car,0.0018238841737853375
18 - 25,,,,,,,,5000 - 10000,pt,0.010082997804321684
18 - 25,,,,,,,,5000 - 10000,ride,0.0007481598039209727
18 - 25,,,,,,,,5000 - 10000,walk,7.971861202079858e-05
18 - 25,,,,,,,,10000 - 20000,bike,0.00013635820530129959
18 - 25,,,,,,,,10000 - 20000,car,0.0014058205836528842
18 - 25,,,,,,,,10000 - 20000,pt,0.008349501211167018
18 - 25,,,,,,,,10000 - 20000,ride,0.0005815231393334991
18 - 25,,,,,,,,10000 - 20000,walk,2.749147329899406e-05
18 - 25,,,,,,,,20000+,bike,2.148829801837644e-05
18 - 25,,,,,,,,20000+,car,0.0011849509687035997
18 - 25,,,,,,,,20000+,pt,0.0030998178565597033
18 - 25,,,,,,,,20000+,ride,0.00032491946082011954
18 - 25,,,,,,,,20000+,walk,5.7083633394889036e-06
25 - 35,,,,,,,,0 - 1000,bike,0.0042852561388654785
25 - 35,,,,,,,,0 - 1000,car,0.0009168183383532765
25 - 35,,,,,,,,0 - 1000,pt,0.0002022489929617155
25 - 35,,,,,,,,0 - 1000,ride,0.0001480562319291914
25 - 35,,,,,,,,0 - 1000,walk,0.035267805475233074
25 - 35,,,,,,,,1000 - 2000,bike,0.006146363435432691
25 - 35,,,,,,,,1000 - 2000,car,0.002462073187140846
25 - 35,,,,,,,,1000 - 2000,pt,0.002223103057206319
25 - 35,,,,,,,,1000 - 2000,ride,0.0004270863548432357
25 - 35,,,,,,,,1000 - 2000,walk,0.008342098773894857
25 - 35,,,,,,,,2000 - 5000,bike,0.010681005886217319
25 - 35,,,,,,,,2000 - 5000,car,0.005405348609556078
25 - 35,,,,,,,,2000 - 5000,pt,0.012636152482188533
25 - 35,,,,,,,,2000 - 5000,ride,0.0010950846328671084
25 - 35,,,,,,,,2000 - 5000,walk,0.002296667696036939
25 - 35,,,,,,,,5000 - 10000,bike,0.00714525178845766
25 - 35,,,,,,,,5000 - 10000,car,0.006469468631623288
25 - 35,,,,,,,,5000 - 10000,pt,0.018514209099342118
25 - 35,,,,,,,,5000 - 10000,ride,0.0011792754801178322
25 - 35,,,,,,,,5000 - 10000,walk,0.00018866159641852678
25 - 35,,,,,,,,10000 - 20000,bike,0.0016395575829799966
25 - 35,,,,,,,,10000 - 20000,car,0.0058687029850053455
25 - 35,,,,,,,,10000 - 20000,pt,0.013135330873607598
25 - 35,,,,,,,,10000 - 20000,ride,0.0006755783567638264
25 - 35,,,,,,,,10000 - 20000,walk,7.423688459484545e-05
25 - 35,,,,,,,,20000+,bike,0.00013675095939469654
25 - 35,,,,,,,,20000+,car,0.003561938478892821
25 - 35,,,,,,,,20000+,pt,0.006452657651336276
25 - 35,,,,,,,,20000+,ride,0.0004869189430278995
25 - 35,,,,,,,,20000+,walk,2.4664875835279084e-05
35 - 66,,,,,,,,0 - 1000,bike,0.018767973943631885
35 - 66,,,,,,,,0 - 1000,car,0.005852253062503732
35 - 66,,,,,,,,0 - 1000,pt,0.001222583895659084
35 - 66,,,,,,,,0 - 1000,ride,0.0005929641697055336
35 - 66,,,,,,,,0 - 1000,walk,0.09609966222035016
35 - 66,,,,,,,,1000 - 2000,bike,0.021440930762736468
35 - 66,,,,,,,,1000 - 2000,car,0.013402320471081593
35 - 66,,,,,,,,1000 - 2000,pt,0.006930927457045121
35 - 66,,,,,,,,1000 - 2000,ride,0.00182940376880349
35 - 66,,,,,,,,1000 - 2000,walk,0.02013373771019918
35 - 66,,,,,,,,2000 - 5000,bike,0.02867892858019107
35 - 66,,,,,,,,2000 - 5000,car,0.0306540140499963
35 - 66,,,,,,,,2000 - 5000,pt,0.02511400281828082
35 - 66,,,,,,,,2000 - 5000,ride,0.003962382877969196
35 - 66,,,,,,,,2000 - 5000,walk,0.00586928668118051
35 - 66,,,,,,,,5000 - 10000,bike,0.016246350428763018
35 - 66,,,,,,,,5000 - 10000,car,0.033073853486548795
35 - 66,,,,,,,,5000 - 10000,pt,0.03445283159189375
35 - 66,,,,,,,,5000 - 10000,ride,0.00326402230517573
35 - 66,,,,,,,,5000 - 10000,walk,0.0007866622142723672
35 - 66,,,,,,,,10000 - 20000,bike,0.004941665985263888
35 - 66,,,,,,,,10000 - 20000,car,0.02792464406813406
35 - 66,,,,,,,,10000 - 20000,pt,0.032644342492031235
35 - 66,,,,,,,,10000 - 20000,ride,0.002340623656188577
35 - 66,,,,,,,,10000 - 20000,walk,0.00021950303172812345
35 - 66,,,,,,,,20000+,bike,0.00041830098334830754
35 - 66,,,,,,,,20000+,car,0.014731449973696797
35 - 66,,,,,,,,20000+,pt,0.012346321725763982
35 - 66,,,,,,,,20000+,ride,0.0012749952596997623
35 - 66,,,,,,,,20000+,walk,0.00011121016481649163
66+,,,,,,,,0 - 1000,bike,0.004964309147280085
66+,,,,,,,,0 - 1000,car,0.0030160764667479757
66+,,,,,,,,0 - 1000,pt,0.0014202592753502637
66+,,,,,,,,0 - 1000,ride,0.0007945206733549131
66+,,,,,,,,0 - 1000,walk,0.04895388339532232
66+,,,,,,,,1000 - 2000,bike,0.004901112061815805
66+,,,,,,,,1000 - 2000,car,0.006664368538186043
66+,,,,,,,,1000 - 2000,pt,0.005694241219659483
66+,,,,,,,,1000 - 2000,ride,0.001908547601066374
66+,,,,,,,,1000 - 2000,walk,0.011752403919052076
66+,,,,,,,,2000 - 5000,bike,0.0038120195535065672
66+,,,,,,,,2000 - 5000,car,0.014182897753287854
66+,,,,,,,,2000 - 5000,pt,0.011168004816612568
66+,,,,,,,,2000 - 5000,ride,0.003960002311818075
66+,,,,,,,,2000 - 5000,walk,0.003213275887589475
66+,,,,,,,,5000 - 10000,bike,0.0010309422669415914
66+,,,,,,,,5000 - 10000,car,0.010764972033622977
66+,,,,,,,,5000 - 10000,pt,0.009085791020194418
66+,,,,,,,,5000 - 10000,ride,0.0029652986791929787
66+,,,,,,,,5000 - 10000,walk,0.0003558709820776099
66+,,,,,,,,10000 - 20000,bike,0.0003453780571514728
66+,,,,,,,,10000 - 20000,car,0.006129189784084991
66+,,,,,,,,10000 - 20000,pt,0.00626965789970863
66+,,,,,,,,10000 - 20000,ride,0.002047930484398672
66+,,,,,,,,10000 - 20000,walk,0.000165785513990103
66+,,,,,,,,20000+,bike,4.3904512818103214e-05
66+,,,,,,,,20000+,car,0.0028351117889988684
66+,,,,,,,,20000+,pt,0.0020904161717707347
66+,,,,,,,,20000+,ride,0.0011209242657942713
66+,,,,,,,,20000+,walk,1.2683217669157984e-05
,0 - 250,,,,,,,0 - 1000,bike,2.6817980881522006e-05
,0 - 250,,,,,,,0 - 1000,car,0.0
,0 - 250,,,,,,,0 - 1000,pt,7.081632101780789e-06
,0 - 250,,,,,,,0 - 1000,ride,1.099488199169362e-05
,0 - 250,,,,,,,0 - 1000,walk,0.00029213941009935277
,0 - 250,,,,,,,1000 - 2000,bike,9.127526762096248e-05
,0 - 250,,,,,,,1000 - 2000,car,1.5417599031601627e-05
,0 - 250,,,,,,,1000 - 2000,pt,9.13070269790295e-06
,0 - 250,,,,,,,1000 - 2000,ride,7.706829309402262e-06
,0 - 250,,,,,,,1000 - 2000,walk,6.168358405669907e-05
,0 - 250,,,,,,,2000 - 5000,bike,3.606312083237824e-05
,0 - 250,,,,,,,2000 - 5000,car,3.788524074863703e-05
,0 - 250,,,,,,,2000 - 5000,pt,0.00012376180482852193
,0 - 250,,,,,,,2000 - 5000,ride,3.2005905970548754e-05
,0 - 250,,,,,,,2000 - 5000,walk,1.4436621843694939e-05
,0 - 250,,,,,,,5000 - 10000,bike,3.869455002990049e-05
,0 - 250,,,,,,,5000 - 10000,car,5.169455253126882e-06
,0 - 250,,,,,,,5000 - 10000,pt,0.00015675144713207627
,0 - 250,,,,,,,5000 - 10000,ride,1.3542542433728299e-05
,0 - 250,,,,,,,5000 - 10000,walk,0.0
,0 - 250,,,,,,,10000 - 20000,bike,0.0
,0 - 250,,,,,,,10000 - 20000,car,1.9646168436256148e-05
,0 - 250,,,,,,,10000 - 20000,pt,0.00010575930042023424
,0 - 250,,,,,,,10000 - 20000,ride,0.0
,0 - 250,,,,,,,10000 - 20000,walk,0.0
,0 - 250,,,,,,,20000+,bike,0.0
,0 - 250,,,,,,,20000+,car,4.490721209609403e-06
,0 - 250,,,,,,,20000+,pt,9.547641228080345e-06
,0 - 250,,,,,,,20000+,ride,0.0
,0 - 250,,,,,,,20000+,walk,0.0
,250 - 500,,,,,,,0 - 1000,bike,0.0004526266103016233
,250 - 500,,,,,,,0 - 1000,car,0.00011702156257698218
,250 - 500,,,,,,,0 - 1000,pt,9.521321965070848e-05
,250 - 500,,,,,,,0 - 1000,ride,1.8945329991383766e-05
,250 - 500,,,,,,,0 - 1000,walk,0.003141730432709604
,250 - 500,,,,,,,1000 - 2000,bike,0.0006852714000752378
,250 - 500,,,,,,,1000 - 2000,car,0.0002658987001448674
,250 - 500,,,,,,,1000 - 2000,pt,0.0005158270732702192
,250 - 500,,,,,,,1000 - 2000,ride,9.643807953878547e-05
,250 - 500,,,,,,,1000 - 2000,walk,0.0008586716700578453
,250 - 500,,,,,,,2000 - 5000,bike,0.000816996971831745
,250 - 500,,,,,,,2000 - 5000,car,0.00025084033131776695
,250 - 500,,,,,,,2000 - 5000,pt,0.0016046331636607998
,250 - 500,,,,,,,2000 - 5000,ride,0.00016015015948350582
,250 - 500,,,,,,,2000 - 5000,walk,0.0001771044255964236
,250 - 500,,,,,,,5000 - 10000,bike,0.0004070484126226708
,250 - 500,,,,,,,5000 - 10000,car,0.0003009415923710314
,250 - 500,,,,,,,5000 - 10000,pt,0.001992932709619861
,250 - 500,,,,,,,5000 - 10000,ride,0.0002116537855789152
,250 - 500,,,,,,,5000 - 10000,walk,0.0
,250 - 500,,,,,,,10000 - 20000,bike,3.069669396421709e-05
,250 - 500,,,,,,,10000 - 20000,car,0.0002588696305647477
,250 - 500,,,,,,,10000 - 20000,pt,0.00168624331418695
,250 - 500,,,,,,,10000 - 20000,ride,0.00013053012868380584
,250 - 500,,,,,,,10000 - 20000,walk,5.145651420926275e-05
,250 - 500,,,,,,,20000+,bike,0.0
,250 - 500,,,,,,,20000+,car,0.0002328447764409568
,250 - 500,,,,,,,20000+,pt,0.00048049254885083425
,250 - 500,,,,,,,20000+,ride,0.0001364499656363824
,250 - 500,,,,,,,20000+,walk,0.0
,500 - 750,,,,,,,0 - 1000,bike,0.0016044173267123966
,500 - 750,,,,,,,0 - 1000,car,0.0002475497865657246
,500 - 750,,,,,,,0 - 1000,pt,0.0005338891855387484
,500 - 750,,,,,,,0 - 1000,ride,9.19520271715278e-05
,500 - 750,,,,,,,0 - 1000,walk,0.010966389592051623
,500 - 750,,,,,,,1000 - 2000,bike,0.0019079326542448922
,500 - 750,,,,,,,1000 - 2000,car,0.0007231134740240481
,500 - 750,,,,,,,1000 - 2000,pt,0.0013775259207801302
,500 - 750,,,,,,,1000 - 2000,ride,0.0003863402029779509
,500 - 750,,,,,,,1000 - 2000,walk,0.0033171664835705255
,500 - 750,,,,,,,2000 - 5000,bike,0.002404807679287713
,500 - 750,,,,,,,2000 - 5000,car,0.001241637391144829
,500 - 750,,,,,,,2000 - 5000,pt,0.00424174653711301
,500 - 750,,,,,,,2000 - 5000,ride,0.00055185654782037
,500 - 750,,,,,,,2000 - 5000,walk,0.0010046898807852618
,500 - 750,,,,,,,5000 - 10000,bike,0.001082871234444175
,500 - 750,,,,,,,5000 - 10000,car,0.0009992650212695836
,500 - 750,,,,,,,5000 - 10000,pt,0.004404633935595963
,500 - 750,,,,,,,5000 - 10000,ride,0.00024700945383630075
,500 - 750,,,,,,,5000 - 10000,walk,6.817554353221135e-05
,500 - 750,,,,,,,10000 - 20000,bike,0.0002392715202957035
,500 - 750,,,,,,,10000 - 20000,car,0.0005915434895591272
,500 - 750,,,,,,,10000 - 20000,pt,0.003040452431696322
,500 - 750,,,,,,,10000 - 20000,ride,0.00021447918674083466
,500 - 750,,,,,,,10000 - 20000,walk,4.8309609326598734e-05
,500 - 750,,,,,,,20000+,bike,4.3175682606803336e-05
,500 - 750,,,,,,,20000+,car,0.00029828902525813416
,500 - 750,,,,,,,20000+,pt,0.0011225320756276707
,500 - 750,,,,,,,20000+,ride,8.002698708520746e-05
,500 - 750,,,,,,,20000+,walk,0.0
,750 - 1000,,,,,,,0 - 1000,bike,0.001557783789420834
,750 - 1000,,,,,,,0 - 1000,car,0.0003017804820195297
,750 - 1000,,,,,,,0 - 1000,pt,0.00013275322453572326
,750 - 1000,,,,,,,0 - 1000,ride,0.0001808929588246835
,750 - 1000,,,,,,,0 - 1000,walk,0.009195450582569886
,750 - 1000,,,,,,,1000 - 2000,bike,0.001811600445241936
,750 - 1000,,,,,,,1000 - 2000,car,0.0007213417109978509
,750 - 1000,,,,,,,1000 - 2000,pt,0.0011057421617020576
,750 - 1000,,,,,,,1000 - 2000,ride,0.0004695181262837383
,750 - 1000,,,,,,,1000 - 2000,walk,0.0021961864752458662
,750 - 1000,,,,,,,2000 - 5000,bike,0.0019879636880510356
,750 - 1000,,,,,,,2000 - 5000,car,0.0019026090345941509
,750 - 1000,,,,,,,2000 - 5000,pt,0.0033014814094415065
,750 - 1000,,,,,,,2000 - 5000,ride,0.001050341323907605
,750 - 1000,,,,,,,2000 - 5000,walk,0.0005884377950511149
,750 - 1000,,,,,,,5000 - 10000,bike,0.0007357724642776452
,750 - 1000,,,,,,,5000 - 10000,car,0.00144140771995437
,750 - 1000,,,,,,,5000 - 10000,pt,0.004067934952176957
,750 - 1000,,,,,,,5000 - 10000,ride,0.0007005331038533912
,750 - 1000,,,,,,,5000 - 10000,walk,8.651564550509471e-05
,750 - 1000,,,,,,,10000 - 20000,bike,0.0002124660712414159
,750 - 1000,,,,,,,10000 - 20000,car,0.0012130890236360422
,750 - 1000,,,,,,,10000 - 20000,pt,0.0025880509079251293
,750 - 1000,,,,,,,10000 - 20000,ride,0.00018349925078986145
,750 - 1000,,,,,,,10000 - 20000,walk,6.265641420505062e-06
,750 - 1000,,,,,,,20000+,bike,1.658281709811077e-05
,750 - 1000,,,,,,,20000+,car,0.000462507743798652
,750 - 1000,,,,,,,20000+,pt,0.0009691482989187765
,750 - 1000,,,,,,,20000+,ride,0.0001910857373083732
,750 - 1000,,,,,,,20000+,walk,4.210886806988719e-06
,1000 - 1250,,,,,,,0 - 1000,bike,0.005140737684277624
,1000 - 1250,,,,,,,0 - 1000,car,0.0011348570712946932
,1000 - 1250,,,,,,,0 - 1000,pt,0.0006068485538338614
,1000 - 1250,,,,,,,0 - 1000,ride,0.00039816269840160865
,1000 - 1250,,,,,,,0 - 1000,walk,0.03424080706841217
,1000 - 1250,,,,,,,1000 - 2000,bike,0.006243522364754531
,1000 - 1250,,,,,,,1000 - 2000,car,0.0026052225214295436
,1000 - 1250,,,,,,,1000 - 2000,pt,0.0036473550362372056
,1000 - 1250,,,,,,,1000 - 2000,ride,0.001091346629889953
,1000 - 1250,,,,,,,1000 - 2000,walk,0.007346578393795998
,1000 - 1250,,,,,,,2000 - 5000,bike,0.0069019800892068306
,1000 - 1250,,,,,,,2000 - 5000,car,0.005720706907815429
,1000 - 1250,,,,,,,2000 - 5000,pt,0.011612258844386773
,1000 - 1250,,,,,,,2000 - 5000,ride,0.001987722762442401
,1000 - 1250,,,,,,,2000 - 5000,walk,0.002136770013802663
,1000 - 1250,,,,,,,5000 - 10000,bike,0.0030316363647898033
,1000 - 1250,,,,,,,5000 - 10000,car,0.00592201594256894
,1000 - 1250,,,,,,,5000 - 10000,pt,0.012966756186892267
,1000 - 1250,,,,,,,5000 - 10000,ride,0.0016191727030210913
,1000 - 1250,,,,,,,5000 - 10000,walk,0.00020383875325459856
,1000 - 1250,,,,,,,10000 - 20000,bike,0.000798983154930267
,1000 - 1250,,,,,,,10000 - 20000,car,0.004259332936120469
,1000 - 1250,,,,,,,10000 - 20000,pt,0.00881817988960835
,1000 - 1250,,,,,,,10000 - 20000,ride,0.0009950214586977768
,1000 - 1250,,,,,,,10000 - 20000,walk,6.615061188657592e-05
,1000 - 1250,,,,,,,20000+,bike,6.726757487195397e-05
,1000 - 1250,,,,,,,20000+,car,0.0017397543604255339
,1000 - 1250,,,,,,,20000+,pt,0.003515439690157931
,1000 - 1250,,,,,,,20000+,ride,0.0004083986901198752
,1000 - 1250,,,,,,,20000+,walk,3.7373746836820586e-05
,1250 - 1500,,,,,,,0 - 1000,bike,0.0027506816531299005
,1250 - 1500,,,,,,,0 - 1000,car,0.00039620087241017593
,1250 - 1500,,,,,,,0 - 1000,pt,0.00017274679444249165
,1250 - 1500,,,,,,,0 - 1000,ride,0.0001790645713376673
,1250 - 1500,,,,,,,0 - 1000,walk,0.01056029681134372
,1250 - 1500,,,,,,,1000 - 2000,bike,0.00314137385482278
,1250 - 1500,,,,,,,1000 - 2000,car,0.0007510606012978626
,1250 - 1500,,,,,,,1000 - 2000,pt,0.0008866422562015166
,1250 - 1500,,,,,,,1000 - 2000,ride,0.0007134300923922614
,1250 - 1500,,,,,,,1000 - 2000,walk,0.0020915974882605944
,1250 - 1500,,,,,,,2000 - 5000,bike,0.0029515161365328956
,1250 - 1500,,,,,,,2000 - 5000,car,0.0019167753395930064
,1250 - 1500,,,,,,,2000 - 5000,pt,0.0037361979081007753
,1250 - 1500,,,,,,,2000 - 5000,ride,0.001239246394762216
,1250 - 1500,,,,,,,2000 - 5000,walk,0.0005430196032864821
,1250 - 1500,,,,,,,5000 - 10000,bike,0.0011261056890573243
,1250 - 1500,,,,,,,5000 - 10000,car,0.002084544564978577
,1250 - 1500,,,,,,,5000 - 10000,pt,0.003444094032546756
,1250 - 1500,,,,,,,5000 - 10000,ride,0.001010991449737356
,1250 - 1500,,,,,,,5000 - 10000,walk,3.670382767236849e-05
,1250 - 1500,,,,,,,10000 - 20000,bike,0.0002541338337440016
,1250 - 1500,,,,,,,10000 - 20000,car,0.0015220230391215146
,1250 - 1500,,,,,,,10000 - 20000,pt,0.0025856588509878733
,1250 - 1500,,,,,,,10000 - 20000,ride,0.0003234711300225291
,1250 - 1500,,,,,,,10000 - 20000,walk,3.327946792911335e-05
,1250 - 1500,,,,,,,20000+,bike,4.5438896028890605e-05
,1250 - 1500,,,,,,,20000+,car,0.0008217589218094365
,1250 - 1500,,,,,,,20000+,pt,0.0008111055346934478
,1250 - 1500,,,,,,,20000+,ride,0.00012224599057089432
,1250 - 1500,,,,,,,20000+,walk,1.8474381001620013e-05
,1500 - 1750,,,,,,,0 - 1000,bike,0.004152085636797644
,1500 - 1750,,,,,,,0 - 1000,car,0.0010877487798177882
,1500 - 1750,,,,,,,0 - 1000,pt,0.00025645105591402096
,1500 - 1750,,,,,,,0 - 1000,ride,0.0006181474706934831
,1500 - 1750,,,,,,,0 - 1000,walk,0.021399079370475603
,1500 - 1750,,,,,,,1000 - 2000,bike,0.004342774641327731
,1500 - 1750,,,,,,,1000 - 2000,car,0.0026092371827537747
,1500 - 1750,,,,,,,1000 - 2000,pt,0.0013952937776845144
,1500 - 1750,,,,,,,1000 - 2000,ride,0.0015108775819718538
,1500 - 1750,,,,,,,1000 - 2000,walk,0.0050691958984003
,1500 - 1750,,,,,,,2000 - 5000,bike,0.005271252403522902
,1500 - 1750,,,,,,,2000 - 5000,car,0.005184748710200023
,1500 - 1750,,,,,,,2000 - 5000,pt,0.006047177508139608
,1500 - 1750,,,,,,,2000 - 5000,ride,0.0027994585507646456
,1500 - 1750,,,,,,,2000 - 5000,walk,0.0012593513931917375
,1500 - 1750,,,,,,,5000 - 10000,bike,0.0022000701612693457
,1500 - 1750,,,,,,,5000 - 10000,car,0.004754255953914275
,1500 - 1750,,,,,,,5000 - 10000,pt,0.006681769435213479
,1500 - 1750,,,,,,,5000 - 10000,ride,0.0017691958278376102
,1500 - 1750,,,,,,,5000 - 10000,walk,0.00013601252647001678
,1500 - 1750,,,,,,,10000 - 20000,bike,0.0006780218322111625
,1500 - 1750,,,,,,,10000 - 20000,car,0.0035562158245251558
,1500 - 1750,,,,,,,10000 - 20000,pt,0.005848204125123525
,1500 - 1750,,,,,,,10000 - 20000,ride,0.0009735989317381154
,1500 - 1750,,,,,,,10000 - 20000,walk,2.883376434216404e-05
,1500 - 1750,,,,,,,20000+,bike,7.126654847311322e-05
,1500 - 1750,,,,,,,20000+,car,0.0018742484965747093
,1500 - 1750,,,,,,,20000+,pt,0.0021617314237523887
,1500 - 1750,,,,,,,20000+,ride,0.0005750588696413767
,1500 - 1750,,,,,,,20000+,walk,5.108720105335873e-06
,1750 - 2000,,,,,,,0 - 1000,bike,0.0067178265758733495
,1750 - 2000,,,,,,,0 - 1000,car,0.0016443745775495517
,1750 - 2000,,,,,,,0 - 1000,pt,0.0006347639511818513
,1750 - 2000,,,,,,,0 - 1000,ride,0.0007169257362618758
,1750 - 2000,,,,,,,0 - 1000,walk,0.03933485116907662
,1750 - 2000,,,,,,,1000 - 2000,bike,0.008152050486433715
,1750 - 2000,,,,,,,1000 - 2000,car,0.004225311216933274
,1750 - 2000,,,,,,,1000 - 2000,pt,0.003438650146231118
,1750 - 2000,,,,,,,1000 - 2000,ride,0.0016872388507783844
,1750 - 2000,,,,,,,1000 - 2000,walk,0.009260819906169159
,1750 - 2000,,,,,,,2000 - 5000,bike,0.008602811018913534
,1750 - 2000,,,,,,,2000 - 5000,car,0.00800009188813152
,1750 - 2000,,,,,,,2000 - 5000,pt,0.011140337233057778
,1750 - 2000,,,,,,,2000 - 5000,ride,0.0026609656368959665
,1750 - 2000,,,,,,,2000 - 5000,walk,0.0023240629944181793
,1750 - 2000,,,,,,,5000 - 10000,bike,0.004079566500004638
,1750 - 2000,,,,,,,5000 - 10000,car,0.008203760046135763
,1750 - 2000,,,,,,,5000 - 10000,pt,0.0134409195947012
,1750 - 2000,,,,,,,5000 - 10000,ride,0.0022062642805709396
,1750 - 2000,,,,,,,5000 - 10000,walk,0.00019875231682294135
,1750 - 2000,,,,,,,10000 - 20000,bike,0.0010968588586434617
,1750 - 2000,,,,,,,10000 - 20000,car,0.006035469215261987
,1750 - 2000,,,,,,,10000 - 20000,pt,0.009736162674202947
,1750 - 2000,,,,,,,10000 - 20000,ride,0.0010484171149128777
,1750 - 2000,,,,,,,10000 - 20000,walk,8.23288587870572e-05
,1750 - 2000,,,,,,,20000+,bike,0.0001302702360125811
,1750 - 2000,,,,,,,20000+,car,0.003088758605647785
,1750 - 2000,,,,,,,20000+,pt,0.0035409675263410414
,1750 - 2000,,,,,,,20000+,ride,0.0004556210703607894
,1750 - 2000,,,,,,,20000+,walk,4.558680440707136e-05
,2000 - 2500,,,,,,,0 - 1000,bike,0.007942882074298139
,2000 - 2500,,,,,,,0 - 1000,car,0.0020453333467870508
,2000 - 2500,,,,,,,0 - 1000,pt,0.0005129349020991377
,2000 - 2500,,,,,,,0 - 1000,ride,0.0006607267068242819
,2000 - 2500,,,,,,,0 - 1000,walk,0.04299370839707726
,2000 - 2500,,,,,,,1000 - 2000,bike,0.00972028419138185
,2000 - 2500,,,,,,,1000 - 2000,car,0.004787462667477839
,2000 - 2500,,,,,,,1000 - 2000,pt,0.003611218938409791
,2000 - 2500,,,,,,,1000 - 2000,ride,0.0017371038605193101
,2000 - 2500,,,,,,,1000 - 2000,walk,0.009277528655162428
,2000 - 2500,,,,,,,2000 - 5000,bike,0.011896299169238853
,2000 - 2500,,,,,,,2000 - 5000,car,0.011516982257427024
,2000 - 2500,,,,,,,2000 - 5000,pt,0.01197162203688685
,2000 - 2500,,,,,,,2000 - 5000,ride,0.004380899103949503
,2000 - 2500,,,,,,,2000 - 5000,walk,0.0021110665870554173
,2000 - 2500,,,,,,,5000 - 10000,bike,0.0060641744993731456
,2000 - 2500,,,,,,,5000 - 10000,car,0.011676217463738623
,2000 - 2500,,,,,,,5000 - 10000,pt,0.015470048688471329
,2000 - 2500,,,,,,,5000 - 10000,ride,0.0026023744569246094
,2000 - 2500,,,,,,,5000 - 10000,walk,0.0003353731213120175
,2000 - 2500,,,,,,,10000 - 20000,bike,0.0013657829370958144
,2000 - 2500,,,,,,,10000 - 20000,car,0.009048981063293571
,2000 - 2500,,,,,,,10000 - 20000,pt,0.012698271975672906
,2000 - 2500,,,,,,,10000 - 20000,ride,0.0015382440244773017
,2000 - 2500,,,,,,,10000 - 20000,walk,3.600879887401015e-05
,2000 - 2500,,,,,,,20000+,bike,7.483096612463276e-05
,2000 - 2500,,,,,,,20000+,car,0.005079765238000035
,2000 - 2500,,,,,,,20000+,pt,0.005229902134772598
,2000 - 2500,,,,,,,20000+,ride,0.000901601935534167
,2000 - 2500,,,,,,,20000+,walk,3.61293698684337e-05
,2500 - 3000,,,,,,,0 - 1000,bike,0.005544207739577417
,2500 - 3000,,,,,,,0 - 1000,car,0.0014588961961026264
,2500 - 3000,,,,,,,0 - 1000,pt,0.0003048509077203061
,2500 - 3000,,,,,,,0 - 1000,ride,0.0006879101456718015
,2500 - 3000,,,,,,,0 - 1000,walk,0.029270284357273163
,2500 - 3000,,,,,,,1000 - 2000,bike,0.00633020545030976
,2500 - 3000,,,,,,,1000 - 2000,car,0.003245774334200539
,2500 - 3000,,,,,,,1000 - 2000,pt,0.002125868707635207
,2500 - 3000,,,,,,,1000 - 2000,ride,0.0016155525021375162
,2500 - 3000,,,,,,,1000 - 2000,walk,0.006133520787473724
,2500 - 3000,,,,,,,2000 - 5000,bike,0.007426455872809053
,2500 - 3000,,,,,,,2000 - 5000,car,0.007279587790666793
,2500 - 3000,,,,,,,2000 - 5000,pt,0.0076801331657077535
,2500 - 3000,,,,,,,2000 - 5000,ride,0.0030521552381807433
,2500 - 3000,,,,,,,2000 - 5000,walk,0.001542136814597813
,2500 - 3000,,,,,,,5000 - 10000,bike,0.0037749584956798133
,2500 - 3000,,,,,,,5000 - 10000,car,0.007461648801143737
,2500 - 3000,,,,,,,5000 - 10000,pt,0.009582388158485788
,2500 - 3000,,,,,,,5000 - 10000,ride,0.0022477203626520845
,2500 - 3000,,,,,,,5000 - 10000,walk,0.0001536879890764281
,2500 - 3000,,,,,,,10000 - 20000,bike,0.0012081185487463246
,2500 - 3000,,,,,,,10000 - 20000,car,0.006814756470970508
,2500 - 3000,,,,,,,10000 - 20000,pt,0.007843899499658327
,2500 - 3000,,,,,,,10000 - 20000,ride,0.0014130990584398904
,2500 - 3000,,,,,,,10000 - 20000,walk,1.7184900409864395e-05
,2500 - 3000,,,,,,,20000+,bike,4.8021257507998824e-05
,2500 - 3000,,,,,,,20000+,car,0.0036544586061314304
,2500 - 3000,,,,,,,20000+,pt,0.003034648766038632
,2500 - 3000,,,,,,,20000+,ride,0.0005827708624565367
,2500 - 3000,,,,,,,20000+,walk,3.376831297463818e-05
,3000 - 3500,,,,,,,0 - 1000,bike,0.002860931874608048
,3000 - 3500,,,,,,,0 - 1000,car,0.0008119372239650387
,3000 - 3500,,,,,,,0 - 1000,pt,0.0001158765544412623
,3000 - 3500,,,,,,,0 - 1000,ride,0.00014697374229618278
,3000 - 3500,,,,,,,0 - 1000,walk,0.014716564341678636
,3000 - 3500,,,,,,,1000 - 2000,bike,0.002781309487972375
,3000 - 3500,,,,,,,1000 - 2000,car,0.0018134537436297555
,3000 - 3500,,,,,,,1000 - 2000,pt,0.0010632575169495617
,3000 - 3500,,,,,,,1000 - 2000,ride,0.0005541184697264824
,3000 - 3500,,,,,,,1000 - 2000,walk,0.0035274521190151735
,3000 - 3500,,,,,,,2000 - 5000,bike,0.004843343001065972
,3000 - 3500,,,,,,,2000 - 5000,car,0.00477139018503915
,3000 - 3500,,,,,,,2000 - 5000,pt,0.004948395647820816
,3000 - 3500,,,,,,,2000 - 5000,ride,0.0011973276698769794
,3000 - 3500,,,,,,,2000 - 5000,walk,0.0009452481632223882
,3000 - 3500,,,,,,,5000 - 10000,bike,0.002431137842946923
,3000 - 3500,,,,,,,5000 - 10000,car,0.005205181972562948
,3000 - 3500,,,,,,,5000 - 10000,pt,0.005712633764319923
,3000 - 3500,,,,,,,5000 - 10000,ride,0.0008608140518115134
,3000 - 3500,,,,,,,5000 - 10000,walk,0.00012264528038174934
,3000 - 3500,,,,,,,10000 - 20000,bike,0.0006806253975174191
,3000 - 3500,,,,,,,10000 - 20000,car,0.004831832407270838
,3000 - 3500,,,,,,,10000 - 20000,pt,0.005351924327253809
,3000 - 3500,,,,,,,10000 - 20000,ride,0.0006515125416586986
,3000 - 3500,,,,,,,10000 - 20000,walk,4.526485760205015e-05
,3000 - 3500,,,,,,,20000+,bike,4.9465878388620434e-05
,3000 - 3500,,,,,,,20000+,car,0.002856194780435444
,3000 - 3500,,,,,,,20000+,pt,0.0023111797096313095
,3000 - 3500,,,,,,,20000+,ride,0.0002716458109058672
,3000 - 3500,,,,,,,20000+,walk,2.0516279156104047e-05
,3500+,,,,,,,0 - 1000,bike,0.0011885368007714904
,3500+,,,,,,,0 - 1000,car,0.0008319862143763857
,3500+,,,,,,,0 - 1000,pt,0.00018413620219500206
,3500+,,,,,,,0 - 1000,ride,8.628563151404969e-05
,3500+,,,,,,,0 - 1000,walk,0.012699405237249986
,3500+,,,,,,,1000 - 2000,bike,0.0017758231692797713
,3500+,,,,,,,1000 - 2000,car,0.0013839984381557775
,3500+,,,,,,,1000 - 2000,pt,0.0009031963075596313
,3500+,,,,,,,1000 - 2000,ride,0.0003457881810874538
,3500+,,,,,,,1000 - 2000,walk,0.0030657979954508297
,3500+,,,,,,,2000 - 5000,bike,0.0031056708512328646
,3500+,,,,,,,2000 - 5000,car,0.0038179158711356877
,3500+,,,,,,,2000 - 5000,pt,0.003950727587572613
,3500+,,,,,,,2000 - 5000,ride,0.000640982132208217
,3500+,,,,,,,2000 - 5000,walk,0.0008549573692945356
,3500+,,,,,,,5000 - 10000,bike,0.001958660802041588
,3500+,,,,,,,5000 - 10000,car,0.00409879672467678
,3500+,,,,,,,5000 - 10000,pt,0.004526644567650031
,3500+,,,,,,,5000 - 10000,ride,0.00048194876157691855
,3500+,,,,,,,5000 - 10000,walk,0.00017583051657771263
,3500+,,,,,,,10000 - 20000,bike,0.0005718240243141903
,3500+,,,,,,,10000 - 20000,car,0.003192700217735416
,3500+,,,,,,,10000 - 20000,pt,0.003556186187792869
,3500+,,,,,,,10000 - 20000,ride,0.0004541693477808002
,3500+,,,,,,,10000 - 20000,walk,0.0001122322813677985
,3500+,,,,,,,20000+,bike,9.562446794708987e-05
,3500+,,,,,,,20000+,car,0.0021962310670757546
,3500+,,,,,,,20000+,pt,0.0015844472783271722
,3500+,,,,,,,20000+,ride,0.00021959159781675947
,3500+,,,,,,,20000+,walk,4.448700616509088e-06
,,very_low,,,,,,0 - 1000,bike,0.003895150252724332
,,very_low,,,,,,0 - 1000,car,0.0006835962799059112
,,very_low,,,,,,0 - 1000,pt,0.0007425830014889377
,,very_low,,,,,,0 - 1000,ride,0.0003232708411527578
,,very_low,,,,,,0 - 1000,walk,0.024503789039302146
,,very_low,,,,,,1000 - 2000,bike,0.004860417837542784
,,very_low,,,,,,1000 - 2000,car,0.001738265257347784
,,very_low,,,,,,1000 - 2000,pt,0.003101386973557319
,,very_low,,,,,,1000 - 2000,ride,0.0010543906415015553
,,very_low,,,,,,1000 - 2000,walk,0.006757709193117099
,,very_low,,,,,,2000 - 5000,bike,0.005495606084188056
,,very_low,,,,,,2000 - 5000,car,0.0034907156643642356
,,very_low,,,,,,2000 - 5000,pt,0.009600500948067884
,,very_low,,,,,,2000 - 5000,ride,0.0018611507681689991
,,very_low,,,,,,2000 - 5000,walk,0.0017968922673841257
,,very_low,,,,,,5000 - 10000,bike,0.002360439754014816
,,very_low,,,,,,5000 - 10000,car,0.0028172397206474306
,,very_low,,,,,,5000 - 10000,pt,0.010816093798945986
,,very_low,,,,,,5000 - 10000,ride,0.001280683662037795
,,very_low,,,,,,5000 - 10000,walk,0.00015469118903730609
,,very_low,,,,,,10000 - 20000,bike,0.00045504863311185786
,,very_low,,,,,,10000 - 20000,car,0.0021385716980306464
,,very_low,,,,,,10000 - 20000,pt,0.007451266819977843
,,very_low,,,,,,10000 - 20000,ride,0.0005553341685618911
,,very_low,,,,,,10000 - 20000,walk,0.00011314125340593472
,,very_low,,,,,,20000+,bike,4.6028992904274676e-05
,,very_low,,,,,,20000+,car,0.0010199686807597032
,,very_low,,,,,,20000+,pt,0.002627560749546986
,,very_low,,,,,,20000+,ride,0.0004075626900299631
,,very_low,,,,,,20000+,walk,4.21088680698872e-06
,,low,,,,,,0 - 1000,bike,0.006241116902119011
,,low,,,,,,0 - 1000,car,0.00134046574324711
,,low,,,,,,0 - 1000,pt,0.0007384540947088326
,,low,,,,,,0 - 1000,ride,0.0005094629130384402
,,low,,,,,,0 - 1000,walk,0.03920037784195753
,,low,,,,,,1000 - 2000,bike,0.007867669294968634
,,low,,,,,,1000 - 2000,car,0.0030173305040798147
,,low,,,,,,1000 - 2000,pt,0.004083224396724296
,,low,,,,,,1000 - 2000,ride,0.0013870383366542736
,,low,,,,,,1000 - 2000,walk,0.008246169062734217
,,low,,,,,,2000 - 5000,bike,0.008308428172845024
,,low,,,,,,2000 - 5000,car,0.006596768784681178
,,low,,,,,,2000 - 5000,pt,0.013537648619521605
,,low,,,,,,2000 - 5000,ride,0.002677819509566399
,,low,,,,,,2000 - 5000,walk,0.0025008669839560816
,,low,,,,,,5000 - 10000,bike,0.0035941337264417906
,,low,,,,,,5000 - 10000,car,0.006941499841308457
,,low,,,,,,5000 - 10000,pt,0.014637641084920973
,,low,,,,,,5000 - 10000,ride,0.0019418204927624432
,,low,,,,,,5000 - 10000,walk,0.000221958266843248
,,low,,,,,,10000 - 20000,bike,0.00096652111685562
,,low,,,,,,10000 - 20000,car,0.004933119269631762
,,low,,,,,,10000 - 20000,pt,0.010297870138991352
,,low,,,,,,10000 - 20000,ride,0.0011172416585507996
,,low,,,,,,10000 - 20000,walk,6.389444107266942e-05
,,low,,,,,,20000+,bike,9.67365414613915e-05
,,low,,,,,,20000+,car,0.0021419788067012233
,,low,,,,,,20000+,pt,0.003880473886438232
,,low,,,,,,20000+,ride,0.0005131875535191973
,,low,,,,,,20000+,walk,5.584812783844061e-05
,,medium,,,,,,0 - 1000,bike,0.014772634985928911
,,medium,,,,,,0 - 1000,car,0.0041873229430365215
,,medium,,,,,,0 - 1000,pt,0.0013188909253998493
,,medium,,,,,,0 - 1000,ride,0.0015566683277926615
,,medium,,,,,,0 - 1000,walk,0.08843519533764378
,,medium,,,,,,1000 - 2000,bike,0.01708683140439788
,,medium,,,,,,1000 - 2000,car,0.009772750100338746
,,medium,,,,,,1000 - 2000,pt,0.007208773992526703
,,medium,,,,,,1000 - 2000,ride,0.0037979717410225725
,,medium,,,,,,1000 - 2000,walk,0.02018702280878926
,,medium,,,,,,2000 - 5000,bike,0.020504014237727027
,,medium,,,,,,2000 - 5000,car,0.02059773037888059
,,medium,,,,,,2000 - 5000,pt,0.024675793914724214
,,medium,,,,,,2000 - 5000,ride,0.007221127026899627
,,medium,,,,,,2000 - 5000,walk,0.004910966896435656
,,medium,,,,,,5000 - 10000,bike,0.009621825913554058
,,medium,,,,,,5000 - 10000,car,0.021390910954339228
,,medium,,,,,,5000 - 10000,pt,0.030143765961499078
,,medium,,,,,,5000 - 10000,ride,0.005512513135160391
,,medium,,,,,,5000 - 10000,walk,0.0006583672457449676
,,medium,,,,,,10000 - 20000,bike,0.0024928244678591267
,,medium,,,,,,10000 - 20000,car,0.015380569330392066
,,medium,,,,,,10000 - 20000,pt,0.023445796080006093
,,medium,,,,,,10000 - 20000,ride,0.00272964490244158
,,medium,,,,,,10000 - 20000,walk,0.00015252524487939558
,,medium,,,,,,20000+,bike,0.0002452685669688479
,,medium,,,,,,20000+,car,0.008181510786603936
,,medium,,,,,,20000+,pt,0.00908352950987045
,,medium,,,,,,20000+,ride,0.001490830503753288
,,medium,,,,,,20000+,walk,5.9224611370123e-05
,,high,,,,,,0 - 1000,bike,0.010826809424109702
,,high,,,,,,0 - 1000,car,0.0025321259164881363
,,high,,,,,,0 - 1000,pt,0.0005430288767979061
,,high,,,,,,0 - 1000,ride,0.0007503198244729553
,,high,,,,,,0 - 1000,walk,0.0535164418507612
,,high,,,,,,1000 - 2000,bike,0.011930236443088656
,,high,,,,,,1000 - 2000,car,0.005792498288035809
,,high,,,,,,1000 - 2000,pt,0.004231282390423607
,,high,,,,,,1000 - 2000,ride,0.00240097624161661
,,high,,,,,,1000 - 2000,walk,0.012086437648208149
,,high,,,,,,2000 - 5000,bike,0.01624555715448259
,,high,,,,,,2000 - 5000,car,0.014474148245946837
,,high,,,,,,2000 - 5000,pt,0.016300554647247167
,,high,,,,,,2000 - 5000,ride,0.005182312277156859
,,high,,,,,,2000 - 5000,walk,0.0032004095123583454
,,high,,,,,,5000 - 10000,bike,0.008336129292266499
,,high,,,,,,5000 - 10000,car,0.014252485767182708
,,high,,,,,,5000 - 10000,pt,0.01999713429810155
,,high,,,,,,5000 - 10000,ride,0.003474380281835499
,,high,,,,,,5000 - 10000,walk,0.00022841383891580123
,,high,,,,,,10000 - 20000,bike,0.0022832769628509785
,,high,,,,,,10000 - 20000,car,0.01314625384477394
,,high,,,,,,10000 - 20000,pt,0.016579210144190944
,,high,,,,,,10000 - 20000,ride,0.0024959209608131716
,,high,,,,,,10000 - 20000,walk,7.642189321394491e-05
,,high,,,,,,20000+,bike,0.00010429598275408439
,,high,,,,,,20000+,car,0.007797956663677423
,,high,,,,,,20000+,pt,0.00639039256923691
,,high,,,,,,20000+,ride,0.0010770190503918823
,,high,,,,,,20000+,walk,8.188487514146019e-05
,,very_high,,,,,,0 - 1000,bike,0.0042038241817680365
,,very_high,,,,,,0 - 1000,car,0.0013341752307878697
,,very_high,,,,,,0 - 1000,pt,0.00021458928525936873
,,very_high,,,,,,0 - 1000,ride,0.0006572599945234244
,,very_high,,,,,,0 - 1000,walk,0.02315490270035298
,,very_high,,,,,,1000 - 2000,bike,0.0052382684334675985
,,very_high,,,,,,1000 - 2000,car,0.002826448040274582
,,very_high,,,,,,1000 - 2000,pt,0.0014550407921269327
,,very_high,,,,,,1000 - 2000,ride,0.0015750824458180812
,,very_high,,,,,,1000 - 2000,walk,0.004928860743810419
,,very_high,,,,,,2000 - 5000,bike,0.005691554353283089
,,very_high,,,,,,2000 - 5000,car,0.0064818078739411825
,,very_high,,,,,,2000 - 5000,pt,0.006243974717155943
,,very_high,,,,,,2000 - 5000,ride,0.0028107018444708193
,,very_high,,,,,,2000 - 5000,walk,0.0010921460020115058
,,very_high,,,,,,5000 - 10000,bike,0.003018168330259815
,,very_high,,,,,,5000 - 10000,car,0.006751068975089932
,,very_high,,,,,,5000 - 10000,pt,0.006852872329338049
,,very_high,,,,,,5000 - 10000,ride,0.0017618232080383325
,,very_high,,,,,,5000 - 10000,walk,0.0002541049800638162
,,very_high,,,,,,10000 - 20000,bike,0.0009391116920263958
,,very_high,,,,,,10000 - 20000,car,0.005745945343667224
,,very_high,,,,,,10000 - 20000,pt,0.006084850301363014
,,very_high,,,,,,10000 - 20000,ride,0.0010279004835750504
,,very_high,,,,,,10000 - 20000,walk,0.00012133247358305572
,,very_high,,,,,,20000+,bike,0.00014961424097119654
,,very_high,,,,,,20000+,car,0.0031678874050651957
,,very_high,,,,,,20000+,pt,0.002789185913247309
,,very_high,,,,,,20000+,ride,0.00045589771974189887
,,very_high,,,,,,20000+,walk,4.448700616509089e-06
,,,child,,,,,0 - 1000,bike,0.004692866529485639
,,,child,,,,,0 - 1000,car,3.3081677774786484e-06
,,,child,,,,,0 - 1000,pt,0.00013231100373825276
,,,child,,,,,0 - 1000,ride,0.0011997748347578991
,,,child,,,,,0 - 1000,walk,0.01840197515147046
,,,child,,,,,1000 - 2000,bike,0.003961887527723342
,,,child,,,,,1000 - 2000,car,4.606019997009655e-06
,,,child,,,,,1000 - 2000,pt,0.0013201840990155196
,,,child,,,,,1000 - 2000,ride,0.0031581025689356884
,,,child,,,,,1000 - 2000,walk,0.004408459652352422
,,,child,,,,,2000 - 5000,bike,0.0021397845306586616
,,,child,,,,,2000 - 5000,car,0.0
,,,child,,,,,2000 - 5000,pt,0.002554508777092543
,,,child,,,,,2000 - 5000,ride,0.004665859024253609
,,,child,,,,,2000 - 5000,walk,0.0005759960159007431
,,,child,,,,,5000 - 10000,bike,0.00025632080887674384
,,,child,,,,,5000 - 10000,car,0.0
,,,child,,,,,5000 - 10000,pt,0.0013247143312894864
,,,child,,,,,5000 - 10000,ride,0.0023296092882754667
,,,child,,,,,5000 - 10000,walk,6.910684087182668e-05
,,,child,,,,,10000 - 20000,bike,0.0
,,,child,,,,,10000 - 20000,car,0.0
,,,child,,,,,10000 - 20000,pt,0.00033923934533775933
,,,child,,,,,10000 - 20000,ride,0.0012007122956201768
,,,child,,,,,10000 - 20000,walk,2.928850332873569e-05
,,,child,,,,,20000+,bike,0.0
,,,child,,,,,20000+,car,0.0
,,,child,,,,,20000+,pt,0.00019696539216831793
,,,child,,,,,20000+,ride,0.00036551223345497206
,,,child,,,,,20000+,walk,1.2407207687113833e-05
,,,homemaker,,,,,0 - 1000,bike,0.0004125909152603389
,,,homemaker,,,,,0 - 1000,car,0.00021277936985541072
,,,homemaker,,,,,0 - 1000,pt,9.229593173153882e-05
,,,homemaker,,,,,0 - 1000,ride,4.016816717423426e-05
,,,homemaker,,,,,0 - 1000,walk,0.0035907786972401478
,,,homemaker,,,,,1000 - 2000,bike,0.0007368034837866882
,,,homemaker,,,,,1000 - 2000,car,0.000500935705792783
,,,homemaker,,,,,1000 - 2000,pt,0.0003408402984391401
,,,homemaker,,,,,1000 - 2000,ride,7.879225338336706e-05
,,,homemaker,,,,,1000 - 2000,walk,0.0009783322502679476
,,,homemaker,,,,,2000 - 5000,bike,0.0005036590766324672
,,,homemaker,,,,,2000 - 5000,car,0.0011662552263619096
,,,homemaker,,,,,2000 - 5000,pt,0.000752190310465438
,,,homemaker,,,,,2000 - 5000,ride,0.00023219446308315715
,,,homemaker,,,,,2000 - 5000,walk,0.00027790655986467086
,,,homemaker,,,,,5000 - 10000,bike,0.00012533305243492886
,,,homemaker,,,,,5000 - 10000,car,0.0006439551988876109
,,,homemaker,,,,,5000 - 10000,pt,0.0004930148128209032
,,,homemaker,,,,,5000 - 10000,ride,0.0001352589247426541
,,,homemaker,,,,,5000 - 10000,walk,1.3933437314208883e-05
,,,homemaker,,,,,10000 - 20000,bike,1.696408167077197e-05
,,,homemaker,,,,,10000 - 20000,car,0.0004103831410194768
,,,homemaker,,,,,10000 - 20000,pt,0.0002566363687182722
,,,homemaker,,,,,10000 - 20000,ride,0.0001384708892004928
,,,homemaker,,,,,10000 - 20000,walk,4.560943062508568e-06
,,,homemaker,,,,,20000+,bike,0.0
,,,homemaker,,,,,20000+,car,0.00011394892436480222
,,,homemaker,,,,,20000+,pt,0.00015581720908638437
,,,homemaker,,,,,20000+,ride,1.086802538544448e-05
,,,homemaker,,,,,20000+,walk,9.83534852131206e-06
,,,retiree,,,,,0 - 1000,bike,0.005652276047174647
,,,retiree,,,,,0 - 1000,car,0.003214139779060221
,,,retiree,,,,,0 - 1000,pt,0.0017290223064901813
,,,retiree,,,,,0 - 1000,ride,0.000948218998889611
,,,retiree,,,,,0 - 1000,walk,0.057386439186349524
,,,retiree,,,,,1000 - 2000,bike,0.005772858165709162
,,,retiree,,,,,1000 - 2000,car,0.007727904824459909
,,,retiree,,,,,1000 - 2000,pt,0.006643964183294398
,,,retiree,,,,,1000 - 2000,ride,0.002355386288541044
,,,retiree,,,,,1000 - 2000,walk,0.01388936798163634
,,,retiree,,,,,2000 - 5000,bike,0.004865284201097934
,,,retiree,,,,,2000 - 5000,car,0.016741347683255206
,,,retiree,,,,,2000 - 5000,pt,0.013323761508664878
,,,retiree,,,,,2000 - 5000,ride,0.0045800411926804705
,,,retiree,,,,,2000 - 5000,walk,0.004006439218441658
,,,retiree,,,,,5000 - 10000,bike,0.001315313046615281
,,,retiree,,,,,5000 - 10000,car,0.012288208425475344
,,,retiree,,,,,5000 - 10000,pt,0.010687864032158425
,,,retiree,,,,,5000 - 10000,ride,0.0035379605959617406
,,,retiree,,,,,5000 - 10000,walk,0.0004288216837695058
,,,retiree,,,,,10000 - 20000,bike,0.00055462506153584
,,,retiree,,,,,10000 - 20000,car,0.006752719627355881
,,,retiree,,,,,10000 - 20000,pt,0.007151409430753409
,,,retiree,,,,,10000 - 20000,ride,0.002379353808505534
,,,retiree,,,,,10000 - 20000,walk,0.00017252697293602346
,,,retiree,,,,,20000+,bike,4.826864601038086e-05
,,,retiree,,,,,20000+,car,0.003609899643074684
,,,retiree,,,,,20000+,pt,0.0024442786014520143
,,,retiree,,,,,20000+,ride,0.001399376619333296
,,,retiree,,,,,20000+,walk,1.2680859406023705e-05
,,,unemployed,,,,,0 - 1000,bike,0.0005735635409495549
,,,unemployed,,,,,0 - 1000,car,0.00024309159455313252
,,,unemployed,,,,,0 - 1000,pt,0.00013344814107144894
,,,unemployed,,,,,0 - 1000,ride,5.616614877984527e-06
,,,unemployed,,,,,0 - 1000,walk,0.005841992725271934
,,,unemployed,,,,,1000 - 2000,bike,0.001261557681842297
,,,unemployed,,,,,1000 - 2000,car,0.0005820939623851538
,,,unemployed,,,,,1000 - 2000,pt,0.0005358523718174833
,,,unemployed,,,,,1000 - 2000,ride,9.280004953809131e-05
,,,unemployed,,,,,1000 - 2000,walk,0.0012437692375647142
,,,unemployed,,,,,2000 - 5000,bike,0.0009974480251563292
,,,unemployed,,,,,2000 - 5000,car,0.0007992582739544471
,,,unemployed,,,,,2000 - 5000,pt,0.0014954388337952251
,,,unemployed,,,,,2000 - 5000,ride,0.00012600861551444902
,,,unemployed,,,,,2000 - 5000,walk,0.0006020190006907724
,,,unemployed,,,,,5000 - 10000,bike,0.0005106919961364574
,,,unemployed,,,,,5000 - 10000,car,0.0006895081291714719
,,,unemployed,,,,,5000 - 10000,pt,0.0016854518666430459
,,,unemployed,,,,,5000 - 10000,ride,0.00011325369994986607
,,,unemployed,,,,,5000 - 10000,walk,0.0
,,,unemployed,,,,,10000 - 20000,bike,8.406712132483904e-05
,,,unemployed,,,,,10000 - 20000,car,0.00027546191602736937
,,,unemployed,,,,,10000 - 20000,pt,0.001479835498993433
,,,unemployed,,,,,10000 - 20000,ride,0.00012117937428825752
,,,unemployed,,,,,10000 - 20000,walk,6.355971012591362e-05
,,,unemployed,,,,,20000+,bike,0.0
,,,unemployed,,,,,20000+,car,0.00015878151449851233
,,,unemployed,,,,,20000+,pt,0.00040652490765087125
,,,unemployed,,,,,20000+,ride,2.182022954965465e-05
,,,unemployed,,,,,20000+,walk,0.0
,,,school,,,,,0 - 1000,bike,0.006049499262222317
,,,school,,,,,0 - 1000,car,1.8212042323231435e-05
,,,school,,,,,0 - 1000,pt,0.00035302605101887217
,,,school,,,,,0 - 1000,ride,0.0009255429313918094
,,,school,,,,,0 - 1000,walk,0.02308725423827697
,,,school,,,,,1000 - 2000,bike,0.008820567505910154
,,,school,,,,,1000 - 2000,car,6.058872817298557e-05
,,,school,,,,,1000 - 2000,pt,0.0026169897951879937
,,,school,,,,,1000 - 2000,ride,0.0027338004213293032
,,,school,,,,,1000 - 2000,walk,0.0050699524101381855
,,,school,,,,,2000 - 5000,bike,0.00783786206216763
,,,school,,,,,2000 - 5000,car,0.0002235363916981748
,,,school,,,,,2000 - 5000,pt,0.012960773012017854
,,,school,,,,,2000 - 5000,ride,0.005536519541963315
,,,school,,,,,2000 - 5000,walk,0.0006347880777467985
,,,school,,,,,5000 - 10000,bike,0.0009142337436560488
,,,school,,,,,5000 - 10000,car,0.0001639984873911542
,,,school,,,,,5000 - 10000,pt,0.010037942114945454
,,,school,,,,,5000 - 10000,ride,0.003459997783809964
,,,school,,,,,5000 - 10000,walk,3.777761413544874e-05
,,,school,,,,,10000 - 20000,bike,5.8412862520045975e-05
,,,school,,,,,10000 - 20000,car,0.00012899919448776582
,,,school,,,,,10000 - 20000,pt,0.003709530889087389
,,,school,,,,,10000 - 20000,ride,0.0010722642507973706
,,,school,,,,,10000 - 20000,walk,1.7366094470450898e-05
,,,school,,,,,20000+,bike,2.161493431862157e-05
,,,school,,,,,20000+,car,3.758916429970176e-05
,,,school,,,,,20000+,pt,0.0006499783086174258
,,,school,,,,,20000+,ride,0.00039315668844395275
,,,school,,,,,20000+,walk,3.897205610044889e-05
,,,student,,,,,0 - 1000,bike,0.0014222955110270886
,,,student,,,,,0 - 1000,car,0.000263723824025743
,,,student,,,,,0 - 1000,pt,0.00022925297310867214
,,,student,,,,,0 - 1000,ride,9.19875955672688e-05
,,,student,,,,,0 - 1000,walk,0.010307973874572942
,,,student,,,,,1000 - 2000,bike,0.0022564339094027015
,,,student,,,,,1000 - 2000,car,0.000463728212110332
,,,student,,,,,1000 - 2000,pt,0.0013384956804595475
,,,student,,,,,1000 - 2000,ride,0.00016035821281562497
,,,student,,,,,1000 - 2000,walk,0.003294459635506251
,,,student,,,,,2000 - 5000,bike,0.00388312448953792
,,,student,,,,,2000 - 5000,car,0.0011529654277025246
,,,student,,,,,2000 - 5000,pt,0.006771548943256871
,,,student,,,,,2000 - 5000,ride,0.00055246794285061
,,,student,,,,,2000 - 5000,walk,0.0009917076213134363
,,,student,,,,,5000 - 10000,bike,0.002054626919804988
,,,student,,,,,5000 - 10000,car,0.0013792558992513013
,,,student,,,,,5000 - 10000,pt,0.009911578344494618
,,,student,,,,,5000 - 10000,ride,0.0004150711713051344
,,,student,,,,,5000 - 10000,walk,6.451174215808193e-05
,,,student,,,,,10000 - 20000,bike,0.0003891398547186369
,,,student,,,,,10000 - 20000,car,0.0011233726274083645
,,,student,,,,,10000 - 20000,pt,0.007159327283628914
,,,student,,,,,10000 - 20000,ride,0.00035591491894511703
,,,student,,,,,10000 - 20000,walk,2.1220720231769756e-05
,,,student,,,,,20000+,bike,4.084780814030599e-05
,,,student,,,,,20000+,car,0.0008403578981488645
,,,student,,,,,20000+,pt,0.0031346134428065797
,,,student,,,,,20000+,ride,0.0002930796652546498
,,,student,,,,,20000+,walk,0.0
,,,trainee,,,,,0 - 1000,bike,0.0001605695418158462
,,,trainee,,,,,0 - 1000,car,9.359049296552214e-05
,,,trainee,,,,,0 - 1000,pt,2.1375236302883183e-05
,,,trainee,,,,,0 - 1000,ride,3.952943774773782e-05
,,,trainee,,,,,0 - 1000,walk,0.002115925359801069
,,,trainee,,,,,1000 - 2000,bike,0.00022823200148878913
,,,trainee,,,,,1000 - 2000,car,4.039394495269516e-05
,,,trainee,,,,,1000 - 2000,pt,0.00029090873812727034
,,,trainee,,,,,1000 - 2000,ride,5.21455543836348e-05
,,,trainee,,,,,1000 - 2000,walk,0.0005079261899180733
,,,trainee,,,,,2000 - 5000,bike,0.0003343257502448825
,,,trainee,,,,,2000 - 5000,car,0.0004673440660421167
,,,trainee,,,,,2000 - 5000,pt,0.0011490271071859742
,,,trainee,,,,,2000 - 5000,ride,0.0001232743923737029
,,,trainee,,,,,2000 - 5000,walk,5.152141307068502e-05
,,,trainee,,,,,5000 - 10000,bike,0.00017279421429671615
,,,trainee,,,,,5000 - 10000,car,0.0005180294112367801
,,,trainee,,,,,5000 - 10000,pt,0.0019809105546282155
,,,trainee,,,,,5000 - 10000,ride,0.00020199248891230768
,,,trainee,,,,,5000 - 10000,walk,3.5451998359595674e-05
,,,trainee,,,,,10000 - 20000,bike,4.605861494790905e-05
,,,trainee,,,,,10000 - 20000,car,0.0003921446304848578
,,,trainee,,,,,10000 - 20000,pt,0.0023569412630439286
,,,trainee,,,,,10000 - 20000,ride,0.00014410162056371947
,,,trainee,,,,,10000 - 20000,walk,0.0
,,,trainee,,,,,20000+,bike,8.644268399064298e-06
,,,trainee,,,,,20000+,car,0.0002873279812656447
,,,trainee,,,,,20000+,pt,0.0009290302235340364
,,,trainee,,,,,20000+,ride,6.142537028000668e-05
,,,trainee,,,,,20000+,walk,1.2561191363595179e-05
,,,job_full_time,,,,,0 - 1000,bike,0.01086500473217239
,,,job_full_time,,,,,0 - 1000,car,0.0037822424841995987
,,,job_full_time,,,,,0 - 1000,pt,0.0004902268698735909
,,,job_full_time,,,,,0 - 1000,ride,0.0003510166166547789
,,,job_full_time,,,,,0 - 1000,walk,0.0668922563800486
,,,job_full_time,,,,,1000 - 2000,bike,0.013545606671803066
,,,job_full_time,,,,,1000 - 2000,car,0.008775314384230634
,,,job_full_time,,,,,1000 - 2000,pt,0.004371007391038683
,,,job_full_time,,,,,1000 - 2000,ride,0.000916435916012209
,,,job_full_time,,,,,1000 - 2000,walk,0.013385349998172735
,,,job_full_time,,,,,2000 - 5000,bike,0.022853624434314254
,,,job_full_time,,,,,2000 - 5000,car,0.019926358071657317
,,,job_full_time,,,,,2000 - 5000,pt,0.02043190238010268
,,,job_full_time,,,,,2000 - 5000,ride,0.0024791279652634883
,,,job_full_time,,,,,2000 - 5000,walk,0.0038733018975949367
,,,job_full_time,,,,,5000 - 10000,bike,0.01513318742126614
,,,job_full_time,,,,,5000 - 10000,car,0.02710835028311718
,,,job_full_time,,,,,5000 - 10000,pt,0.03169260256159603
,,,job_full_time,,,,,5000 - 10000,ride,0.0024700375546930094
,,,job_full_time,,,,,5000 - 10000,walk,0.0005917630321244554
,,,job_full_time,,,,,10000 - 20000,bike,0.004752892344076316
,,,job_full_time,,,,,10000 - 20000,car,0.025700086755806324
,,,job_full_time,,,,,10000 - 20000,pt,0.029385044880196182
,,,job_full_time,,,,,10000 - 20000,ride,0.0017075200997407904
,,,job_full_time,,,,,10000 - 20000,walk,0.00020140297418339166
,,,job_full_time,,,,,20000+,bike,0.00045025758452577785
,,,job_full_time,,,,,20000+,car,0.01462414171064768
,,,job_full_time,,,,,20000+,pt,0.012691714590245276
,,,job_full_time,,,,,20000+,ride,0.0009468897151677744
,,,job_full_time,,,,,20000+,walk,9.781589130468683e-05
,,,job_part_time,,,,,0 - 1000,bike,0.007970512037215898
,,,job_part_time,,,,,0 - 1000,car,0.0017348529672357208
,,,job_part_time,,,,,0 - 1000,pt,0.00031698431119132626
,,,job_part_time,,,,,0 - 1000,ride,0.00012051413997583627
,,,job_part_time,,,,,0 - 1000,walk,0.028434226993971246
,,,job_part_time,,,,,1000 - 2000,bike,0.00842659833877445
,,,job_part_time,,,,,1000 - 2000,car,0.003605602243449669
,,,job_part_time,,,,,1000 - 2000,pt,0.001882178260432313
,,,job_part_time,,,,,1000 - 2000,ride,0.0005320006410433818
,,,job_part_time,,,,,1000 - 2000,walk,0.00533775098770212
,,,job_part_time,,,,,2000 - 5000,bike,0.010527853898367986
,,,job_part_time,,,,,2000 - 5000,car,0.008614081906706246
,,,job_part_time,,,,,2000 - 5000,pt,0.008264103724331989
,,,job_part_time,,,,,2000 - 5000,ride,0.0011023619749039738
,,,job_part_time,,,,,2000 - 5000,walk,0.0015714917273572395
,,,job_part_time,,,,,5000 - 10000,bike,0.005426736183818503
,,,job_part_time,,,,,5000 - 10000,car,0.0073644988428259615
,,,job_part_time,,,,,5000 - 10000,pt,0.011893870908522557
,,,job_part_time,,,,,5000 - 10000,ride,0.0007686335093330968
,,,job_part_time,,,,,5000 - 10000,walk,0.00023866521363936536
,,,job_part_time,,,,,10000 - 20000,bike,0.0011199450405668426
,,,job_part_time,,,,,10000 - 20000,car,0.005215812695031842
,,,job_part_time,,,,,10000 - 20000,pt,0.010645913173651676
,,,job_part_time,,,,,10000 - 20000,ride,0.0005868314840309652
,,,job_part_time,,,,,10000 - 20000,walk,1.738938781620664e-05
,,,job_part_time,,,,,20000+,bike,7.231108366564436e-05
,,,job_part_time,,,,,20000+,car,0.0020270224453257887
,,,job_part_time,,,,,20000+,pt,0.0035660622013648246
,,,job_part_time,,,,,20000+,ride,0.0002844507851310514
,,,job_part_time,,,,,20000+,walk,1.6131202896261944e-05
,,,other,,,,,0 - 1000,bike,0.002140357629326274
,,,other,,,,,0 - 1000,car,0.0005117453914694895
,,,other,,,,,0 - 1000,pt,5.960335912812815e-05
,,,other,,,,,0 - 1000,ride,7.461256394307926e-05
,,,other,,,,,0 - 1000,walk,0.012751884163014747
,,,other,,,,,1000 - 2000,bike,0.0019728781270249036
,,,other,,,,,1000 - 2000,car,0.0013861241645255675
,,,other,,,,,1000 - 2000,pt,0.0007392877275465098
,,,other,,,,,1000 - 2000,ride,0.00013563750063074829
,,,other,,,,,1000 - 2000,walk,0.004090831113400357
,,,other,,,,,2000 - 5000,bike,0.0023021935343477224
,,,other,,,,,2000 - 5000,car,0.0025500239004360797
,,,other,,,,,2000 - 5000,pt,0.002655218249803366
,,,other,,,,,2000 - 5000,ride,0.0003552563133759286
,,,other,,,,,2000 - 5000,walk,0.0009161101301647727
,,,other,,,,,5000 - 10000,bike,0.0010214596296311722
,,,other,,,,,5000 - 10000,car,0.0019974005812109577
,,,other,,,,,5000 - 10000,pt,0.002739557945706912
,,,other,,,,,5000 - 10000,ride,0.0005394057628512207
,,,other,,,,,5000 - 10000,walk,3.750395823265048e-05
,,,other,,,,,10000 - 20000,bike,0.00011467789134277697
,,,other,,,,,10000 - 20000,car,0.001345478898873757
,,,other,,,,,10000 - 20000,pt,0.0013751153511182815
,,,other,,,,,10000 - 20000,ride,0.00021969343225006888
,,,other,,,,,10000 - 20000,walk,0.0
,,,other,,,,,20000+,bike,0.0
,,,other,,,,,20000+,car,0.0006102330611818056
,,,other,,,,,20000+,pt,0.0005961577514141544
,,,other,,,,,20000+,ride,0.00016791818543542713
,,,other,,,,,20000+,walk,5.213444494079144e-06
,,,,yes,,,,0 - 1000,bike,0.018929755804802963
,,,,yes,,,,0 - 1000,car,0.009768026506833723
,,,,yes,,,,0 - 1000,pt,0.0008301990378947855
,,,,yes,,,,0 - 1000,ride,0.0035401416089951023
,,,,yes,,,,0 - 1000,walk,0.11325481049714482
,,,,yes,,,,1000 - 2000,bike,0.02177562425684126
,,,,yes,,,,1000 - 2000,car,0.02263330163116019
,,,,yes,,,,1000 - 2000,pt,0.006569208805126475
,,,,yes,,,,1000 - 2000,ride,0.009419497489163126
,,,,yes,,,,1000 - 2000,walk,0.02668375499597424
,,,,yes,,,,2000 - 5000,bike,0.023492105348261776
,,,,yes,,,,2000 - 5000,car,0.05054714045725838
,,,,yes,,,,2000 - 5000,pt,0.022446424509950724
,,,,yes,,,,2000 - 5000,ride,0.017737073016303423
,,,,yes,,,,2000 - 5000,walk,0.006491197798211769
,,,,yes,,,,5000 - 10000,bike,0.010910002063736782
,,,,yes,,,,5000 - 10000,car,0.05043701823151539
,,,,yes,,,,5000 - 10000,pt,0.028576100741498255
,,,,yes,,,,5000 - 10000,ride,0.012369479096029538
,,,,yes,,,,5000 - 10000,walk,0.0007546385028848041
,,,,yes,,,,10000 - 20000,bike,0.004131967768658317
,,,,yes,,,,10000 - 20000,car,0.04041677743948118
,,,,yes,,,,10000 - 20000,pt,0.02854040274301633
,,,,yes,,,,10000 - 20000,ride,0.00653150499155608
,,,,yes,,,,10000 - 20000,walk,0.0002836956349746596
,,,,yes,,,,20000+,bike,0.00040115866561361954
,,,,yes,,,,20000+,car,0.021793512183705416
,,,,yes,,,,20000+,pt,0.011100131908396548
,,,,yes,,,,20000+,ride,0.0032033822007237066
,,,,yes,,,,20000+,walk,0.00011053562224261572
,,,,no,,,,0 - 1000,bike,0.004407136642269874
,,,,no,,,,0 - 1000,car,1.0626013166566981e-05
,,,,no,,,,0 - 1000,pt,0.00033032868558137874
,,,,no,,,,0 - 1000,ride,3.142484481937415e-05
,,,,no,,,,0 - 1000,walk,0.02018438237288519
,,,,no,,,,1000 - 2000,bike,0.006130037375169747
,,,,no,,,,1000 - 2000,car,8.127657987569786e-05
,,,,no,,,,1000 - 2000,pt,0.0019386676063516326
,,,,no,,,,1000 - 2000,ride,0.00015440774779759703
,,,,no,,,,1000 - 2000,walk,0.004792205903494368
,,,,no,,,,2000 - 5000,bike,0.006497290066366694
,,,,no,,,,2000 - 5000,car,0.00016493665378920132
,,,,no,,,,2000 - 5000,pt,0.008636943526998841
,,,,no,,,,2000 - 5000,ride,0.00032444913963609754
,,,,no,,,,2000 - 5000,walk,0.0011253234988841323
,,,,no,,,,5000 - 10000,bike,0.0018634548154423556
,,,,no,,,,5000 - 10000,car,0.00030401627611029435
,,,,no,,,,5000 - 10000,pt,0.009890998211336646
,,,,no,,,,5000 - 10000,ride,0.0002846609775431933
,,,,no,,,,5000 - 10000,walk,0.00010270536290327082
,,,,no,,,,10000 - 20000,bike,0.0005083925211017682
,,,,no,,,,10000 - 20000,car,0.00018602034371911237
,,,,no,,,,10000 - 20000,pt,0.007026640766568477
,,,,no,,,,10000 - 20000,ride,0.00017772976295662524
,,,,no,,,,10000 - 20000,walk,1.732569724350586e-05
,,,,no,,,,20000+,bike,1.1366732489071948e-05
,,,,no,,,,20000+,car,8.700924561668775e-05
,,,,no,,,,20000+,pt,0.002739858760973299
,,,,no,,,,20000+,ride,0.00018216425500054305
,,,,no,,,,20000+,walk,2.7957924054035553e-05
,,,,unknown,,,,0 - 1000,bike,0.016602643299577155
,,,,unknown,,,,0 - 1000,car,0.00029903359346525777
,,,,unknown,,,,0 - 1000,pt,0.0023970184601787305
,,,,unknown,,,,0 - 1000,ride,0.00022541544716576307
,,,,unknown,,,,0 - 1000,walk,0.09537151389998763
,,,,unknown,,,,1000 - 2000,bike,0.019077761781454546
,,,,unknown,,,,1000 - 2000,car,0.0004327139790408516
,,,,unknown,,,,1000 - 2000,pt,0.011571832133880753
,,,,unknown,,,,1000 - 2000,ride,0.0006415541696523716
,,,,unknown,,,,1000 - 2000,walk,0.020730238557190535
,,,,unknown,,,,2000 - 5000,bike,0.02625576458789732
,,,,unknown,,,,2000 - 5000,car,0.0009290938367664427
,,,,unknown,,,,2000 - 5000,pt,0.03927510480976725
,,,,unknown,,,,2000 - 5000,ride,0.0016915892703231843
,,,,unknown,,,,2000 - 5000,walk,0.005884760365049813
,,,,unknown,,,,5000 - 10000,bike,0.014157240137357838
,,,,unknown,,,,5000 - 10000,car,0.00141217075094207
,,,,unknown,,,,5000 - 10000,pt,0.04398040851997074
,,,,unknown,,,,5000 - 10000,ride,0.0013170807062617299
,,,,unknown,,,,5000 - 10000,walk,0.000660191654817064
,,,,unknown,,,,10000 - 20000,bike,0.0024964225829438944
,,,,unknown,,,,10000 - 20000,car,0.0007416617032953524
,,,,unknown,,,,10000 - 20000,pt,0.028291949974944445
,,,,unknown,,,,10000 - 20000,ride,0.0012168074194297866
,,,,unknown,,,,10000 - 20000,walk,0.0002262939739368349
,,,,unknown,,,,20000+,bike,0.00022941892695710347
,,,,unknown,,,,20000+,car,0.00042878091348537824
,,,,unknown,,,,20000+,pt,0.010931151958970039
,,,,unknown,,,,20000+,ride,0.0005589510617119798
,,,,unknown,,,,20000+,walk,6.71236554768703e-05
,,,,,yes,,,0 - 1000,bike,0.03526153988314146
,,,,,yes,,,0 - 1000,car,0.007767216636451483
,,,,,yes,,,0 - 1000,pt,0.0015046490351480813
,,,,,yes,,,0 - 1000,ride,0.0019471572578235753
,,,,,yes,,,0 - 1000,walk,0.15483964431577996
,,,,,yes,,,1000 - 2000,bike,0.042569029973730285
,,,,,yes,,,1000 - 2000,car,0.017521684422207355
,,,,,yes,,,1000 - 2000,pt,0.010633913525598832
,,,,,yes,,,1000 - 2000,ride,0.005678228929608481
,,,,,yes,,,1000 - 2000,walk,0.03530808073907148
,,,,,yes,,,2000 - 5000,bike,0.05389478611833032
,,,,,yes,,,2000 - 5000,car,0.04057557797063311
,,,,,yes,,,2000 - 5000,pt,0.046350892222815084
,,,,,yes,,,2000 - 5000,ride,0.012018317393160503
,,,,,yes,,,2000 - 5000,walk,0.009919712152485364
,,,,,yes,,,5000 - 10000,bike,0.02650536373908755
,,,,,yes,,,5000 - 10000,car,0.04142871541416054
,,,,,yes,,,5000 - 10000,pt,0.06128105025341791
,,,,,yes,,,5000 - 10000,ride,0.009353670334295405
,,,,,yes,,,5000 - 10000,walk,0.0010967016132781512
,,,,,yes,,,10000 - 20000,bike,0.00710775947494979
,,,,,yes,,,10000 - 20000,car,0.03277682228670882
,,,,,yes,,,10000 - 20000,pt,0.050013911969984386
,,,,,yes,,,10000 - 20000,ride,0.004969995335343994
,,,,,yes,,,10000 - 20000,walk,0.00026401832076371375
,,,,,yes,,,20000+,bike,0.0006419443250597948
,,,,,yes,,,20000+,car,0.01694731584305633
,,,,,yes,,,20000+,pt,0.01935612289498037
,,,,,yes,,,20000+,ride,0.002736809474265735
,,,,,yes,,,20000+,walk,0.00014853383561765716
,,,,,no,,,0 - 1000,bike,0.00017381551629732777
,,,,,no,,,0 - 1000,car,0.0004927075557295723
,,,,,no,,,0 - 1000,pt,0.0002444389863711156
,,,,,no,,,0 - 1000,ride,0.0002454264159013551
,,,,,no,,,0 - 1000,walk,0.010564171844486419
,,,,,no,,,1000 - 2000,bike,0.0003343615222094387
,,,,,no,,,1000 - 2000,car,0.0011067798630987466
,,,,,no,,,1000 - 2000,pt,0.0014689799752443844
,,,,,no,,,1000 - 2000,ride,0.00037261013579593813
,,,,,no,,,1000 - 2000,walk,0.002669100953126748
,,,,,no,,,2000 - 5000,bike,0.00013525011033367883
,,,,,no,,,2000 - 5000,car,0.0024218933796065823
,,,,,no,,,2000 - 5000,pt,0.004976660770868682
,,,,,no,,,2000 - 5000,ride,0.0008817691326068465
,,,,,no,,,2000 - 5000,walk,0.0006562864007710937
,,,,,no,,,5000 - 10000,bike,7.686754018846836e-05
,,,,,no,,,5000 - 10000,car,0.0024929411197459283
,,,,,no,,,5000 - 10000,pt,0.0049475400840298936
,,,,,no,,,5000 - 10000,ride,0.0008317128185086237
,,,,,no,,,5000 - 10000,walk,4.2448186827222066e-05
,,,,,no,,,10000 - 20000,bike,4.799545110977397e-06
,,,,,no,,,10000 - 20000,car,0.0020980241411930394
,,,,,no,,,10000 - 20000,pt,0.003677482258433107
,,,,,no,,,10000 - 20000,ride,0.0005851372776740185
,,,,,no,,,10000 - 20000,walk,5.053633750356802e-06
,,,,,no,,,20000+,bike,0.0
,,,,,no,,,20000+,car,0.0013520453325610638
,,,,,no,,,20000+,pt,0.0013575191025121322
,,,,,no,,,20000+,ride,0.0003210068566224953
,,,,,no,,,20000+,walk,1.724236554325946e-05
,,,,,unknown,,,0 - 1000,bike,0.004504180347211205
,,,,,unknown,,,0 - 1000,car,0.001817761921284492
,,,,,unknown,,,0 - 1000,pt,0.0018084581621356976
,,,,,unknown,,,0 - 1000,ride,0.0016043982272553096
,,,,,unknown,,,0 - 1000,walk,0.06340689060975126
,,,,,unknown,,,1000 - 2000,bike,0.004080031917525824
,,,,,unknown,,,1000 - 2000,car,0.004518827904770637
,,,,,unknown,,,1000 - 2000,pt,0.007976815044515643
,,,,,unknown,,,1000 - 2000,ride,0.004164620341208673
,,,,,unknown,,,1000 - 2000,walk,0.014229017764460918
,,,,,unknown,,,2000 - 5000,bike,0.0022151237738617905
,,,,,unknown,,,2000 - 5000,car,0.008643699597574335
,,,,,unknown,,,2000 - 5000,pt,0.019030919853033037
,,,,,unknown,,,2000 - 5000,ride,0.006853024900495355
,,,,,unknown,,,2000 - 5000,walk,0.002925283108889256
,,,,,unknown,,,5000 - 10000,bike,0.0003484657372609636
,,,,,unknown,,,5000 - 10000,car,0.008231548724661293
,,,,,unknown,,,5000 - 10000,pt,0.01621891713535783
,,,,,unknown,,,5000 - 10000,ride,0.00378583762703043
,,,,,unknown,,,5000 - 10000,walk,0.0003783857204997658
,,,,,unknown,,,10000 - 20000,bike,2.422385264321117e-05
,,,,,unknown,,,10000 - 20000,car,0.006469613058593776
,,,,,unknown,,,10000 - 20000,pt,0.010167599256111758
,,,,,unknown,,,10000 - 20000,ride,0.0023709095609244788
,,,,,unknown,,,10000 - 20000,walk,0.0002582433516409299
,,,,,unknown,,,20000+,bike,0.0
,,,,,unknown,,,20000+,car,0.004009941167190085
,,,,,unknown,,,20000+,pt,0.004057500630847384
,,,,,unknown,,,20000+,ride,0.0008866811865479991
,,,,,unknown,,,20000+,walk,3.984100061260495e-05
,,,,,,yes,,0 - 1000,bike,0.013321700888520232
,,,,,,yes,,0 - 1000,car,0.0022847742089234686
,,,,,,yes,,0 - 1000,pt,0.0027812474751549177
,,,,,,yes,,0 - 1000,ride,0.0009960436060376069
,,,,,,yes,,0 - 1000,walk,0.10757698281908094
,,,,,,yes,,1000 - 2000,bike,0.0155364133579487
,,,,,,yes,,1000 - 2000,car,0.00589129390102087
,,,,,,yes,,1000 - 2000,pt,0.01620246662898983
,,,,,,yes,,1000 - 2000,ride,0.0024216475162077127
,,,,,,yes,,1000 - 2000,walk,0.024304962641621592
,,,,,,yes,,2000 - 5000,bike,0.02057687018839181
,,,,,,yes,,2000 - 5000,car,0.01252170273825969
,,,,,,yes,,2000 - 5000,pt,0.05862793584566103
,,,,,,yes,,2000 - 5000,ride,0.00660171094035656
,,,,,,yes,,2000 - 5000,walk,0.006267391125244222
,,,,,,yes,,5000 - 10000,bike,0.009917615537323106
,,,,,,yes,,5000 - 10000,car,0.012371713669786753
,,,,,,yes,,5000 - 10000,pt,0.07127683356040514
,,,,,,yes,,5000 - 10000,ride,0.004891555156239355
,,,,,,yes,,5000 - 10000,walk,0.0007928088722503891
,,,,,,yes,,10000 - 20000,bike,0.0025545207017572237
,,,,,,yes,,10000 - 20000,car,0.009172860693407035
,,,,,,yes,,10000 - 20000,pt,0.056610722542005915
,,,,,,yes,,10000 - 20000,ride,0.0031824095717129506
,,,,,,yes,,10000 - 20000,walk,0.00025106742703714696
,,,,,,yes,,20000+,bike,0.00022320068190049555
,,,,,,yes,,20000+,car,0.0056370341062884285
,,,,,,yes,,20000+,pt,0.02110823659629495
,,,,,,yes,,20000+,ride,0.001612270200139276
,,,,,,yes,,20000+,walk,0.0001247575354904969
,,,,,,no,,0 - 1000,bike,0.022306953556190626
,,,,,,no,,0 - 1000,car,0.0077896037367646
,,,,,,no,,0 - 1000,pt,0.0006653518212564869
,,,,,,no,,0 - 1000,ride,0.0016950254315340235
,,,,,,no,,0 - 1000,walk,0.10352062303505469
,,,,,,no,,1000 - 2000,bike,0.02764009841393322
,,,,,,no,,1000 - 2000,car,0.017239871242866762
,,,,,,no,,1000 - 2000,pt,0.002638470488856684
,,,,,,no,,1000 - 2000,ride,0.00486316902167795
,,,,,,no,,1000 - 2000,walk,0.023565719254479672
,,,,,,no,,2000 - 5000,bike,0.033648315815233934
,,,,,,no,,2000 - 5000,car,0.03911946820955432
,,,,,,no,,2000 - 5000,pt,0.009276170589732876
,,,,,,no,,2000 - 5000,ride,0.00874865044210388
,,,,,,no,,2000 - 5000,walk,0.006657894521000746
,,,,,,no,,5000 - 10000,bike,0.016767638374136376
,,,,,,no,,5000 - 10000,car,0.039758964228332985
,,,,,,no,,5000 - 10000,pt,0.009910652884025836
,,,,,,no,,5000 - 10000,ride,0.0068449883427132464
,,,,,,no,,5000 - 10000,walk,0.0006556198074829231
,,,,,,no,,10000 - 20000,bike,0.004582262170946754
,,,,,,no,,10000 - 20000,car,0.03212840663363432
,,,,,,no,,10000 - 20000,pt,0.006911322381026511
,,,,,,no,,10000 - 20000,ride,0.0035654776077440986
,,,,,,no,,10000 - 20000,walk,0.00024695937578911764
,,,,,,no,,20000+,bike,0.0004187436431592994
,,,,,,no,,20000+,car,0.01667226823651905
,,,,,,no,,20000+,pt,0.0034659406398766138
,,,,,,no,,20000+,ride,0.0019853858511924448
,,,,,,no,,20000+,walk,6.845245859591084e-05
,,,,,,unknown,,0 - 1000,bike,0.004310881301939126
,,,,,,unknown,,0 - 1000,car,3.308167777478648e-06
,,,,,,unknown,,0 - 1000,pt,0.00011094688724348958
,,,,,,unknown,,0 - 1000,ride,0.0011059128634086088
,,,,,,unknown,,0 - 1000,walk,0.017713100915881987
,,,,,,unknown,,1000 - 2000,bike,0.003806911641583625
,,,,,,unknown,,1000 - 2000,car,1.612704618910499e-05
,,,,,,unknown,,1000 - 2000,pt,0.0012387714275123413
,,,,,,unknown,,1000 - 2000,ride,0.002930642868727429
,,,,,,unknown,,1000 - 2000,walk,0.004335517560557874
,,,,,,unknown,,2000 - 5000,bike,0.00201997399890004
,,,,,,unknown,,2000 - 5000,car,0.0
,,,,,,unknown,,2000 - 5000,pt,0.002454366411322895
,,,,,,unknown,,2000 - 5000,ride,0.004402750043802261
,,,,,,unknown,,2000 - 5000,walk,0.0005759960159007431
,,,,,,unknown,,5000 - 10000,bike,0.00024544310507749166
,,,,,,unknown,,5000 - 10000,car,2.252736044801564e-05
,,,,,,unknown,,5000 - 10000,pt,0.0012600210283746445
,,,,,,unknown,,5000 - 10000,ride,0.002234677280881857
,,,,,,unknown,,5000 - 10000,walk,6.910684087182666e-05
,,,,,,unknown,,10000 - 20000,bike,0.0
,,,,,,unknown,,10000 - 20000,car,4.319215945427999e-05
,,,,,,unknown,,10000 - 20000,pt,0.0003369485614968173
,,,,,,unknown,,10000 - 20000,ride,0.0011781549944854426
,,,,,,unknown,,10000 - 20000,walk,2.9288503328735686e-05
,,,,,,unknown,,20000+,bike,0.0
,,,,,,unknown,,20000+,car,0.0
,,,,,,unknown,,20000+,pt,0.0001969653921683179
,,,,,,unknown,,20000+,ride,0.00034684146610450836
,,,,,,unknown,,20000+,walk,1.2407207687113833e-05
,,,,,,,1,0 - 1000,bike,0.005080490412847824
,,,,,,,1,0 - 1000,car,0.0004531567882019529
,,,,,,,1,0 - 1000,pt,0.0007114456341358544
,,,,,,,1,0 - 1000,ride,0.0001380538833139123
,,,,,,,1,0 - 1000,walk,0.027142546620734436
,,,,,,,1,1000 - 2000,bike,0.005529774884297351
,,,,,,,1,1000 - 2000,car,0.0012624497663122755
,,,,,,,1,1000 - 2000,pt,0.0030862032723966443
,,,,,,,1,1000 - 2000,ride,0.0004959077633111996
,,,,,,,1,1000 - 2000,walk,0.006308740339835019
,,,,,,,1,2000 - 5000,bike,0.008510958540754055
,,,,,,,1,2000 - 5000,car,0.0028901813495914703
,,,,,,,1,2000 - 5000,pt,0.011504097197987187
,,,,,,,1,2000 - 5000,ride,0.0010805201104698095
,,,,,,,1,2000 - 5000,walk,0.0017909569394365932
,,,,,,,1,5000 - 10000,bike,0.0038669403249407914
,,,,,,,1,5000 - 10000,car,0.003048575501383866
,,,,,,,1,5000 - 10000,pt,0.011119687642569313
,,,,,,,1,5000 - 10000,ride,0.0007409789378173461
,,,,,,,1,5000 - 10000,walk,0.0001094030006633223
,,,,,,,1,10000 - 20000,bike,0.0004524236553989076
,,,,,,,1,10000 - 20000,car,0.001568231808451436
,,,,,,,1,10000 - 20000,pt,0.00460453612187676
,,,,,,,1,10000 - 20000,ride,0.00031994645219047787
,,,,,,,1,10000 - 20000,walk,2.8805389354447883e-05
,,,,,,,1,20000+,bike,2.6565245801667127e-05
,,,,,,,1,20000+,car,0.0011455208763753659
,,,,,,,1,20000+,pt,0.0021996901377126345
,,,,,,,1,20000+,ride,0.0002410293022611201
,,,,,,,1,20000+,walk,3.375677207998571e-05
,,,,,,,10,0 - 1000,bike,0.0011523481096251426
,,,,,,,10,0 - 1000,car,0.0007176898435973229
,,,,,,,10,0 - 1000,pt,0.00017969454715917194
,,,,,,,10,0 - 1000,ride,0.00042913020850891527
,,,,,,,10,0 - 1000,walk,0.012455727758625672
,,,,,,,10,1000 - 2000,bike,0.002015921719104218
,,,,,,,10,1000 - 2000,car,0.0020103621909677194
,,,,,,,10,1000 - 2000,pt,0.0010230013861544792
,,,,,,,10,1000 - 2000,ride,0.0010327481140163808
,,,,,,,10,1000 - 2000,walk,0.003472500260947651
,,,,,,,10,2000 - 5000,bike,0.0014355403623425114
,,,,,,,10,2000 - 5000,car,0.0044643770679810785
,,,,,,,10,2000 - 5000,pt,0.003346863322105182
,,,,,,,10,2000 - 5000,ride,0.0019198169993969103
,,,,,,,10,2000 - 5000,walk,0.0011449277975136075
,,,,,,,10,5000 - 10000,bike,0.0005730086439787346
,,,,,,,10,5000 - 10000,car,0.0042474390508415085
,,,,,,,10,5000 - 10000,pt,0.0037463453088836525
,,,,,,,10,5000 - 10000,ride,0.001451438158410845
,,,,,,,10,5000 - 10000,walk,0.0001613670132147034
,,,,,,,10,10000 - 20000,bike,0.0005091661960528546
,,,,,,,10,10000 - 20000,car,0.004176554069386219
,,,,,,,10,10000 - 20000,pt,0.007251020816332163
,,,,,,,10,10000 - 20000,ride,0.0009174111631167029
,,,,,,,10,10000 - 20000,walk,6.772284393850046e-06
,,,,,,,10,20000+,bike,4.650761954079401e-05
,,,,,,,10,20000+,car,0.0023238545166561595
,,,,,,,10,20000+,pt,0.0028389619020049097
,,,,,,,10,20000+,ride,0.0004948459243019743
,,,,,,,10,20000+,walk,8.232158789514617e-06
,,,,,,,11,0 - 1000,bike,0.002337177568947534
,,,,,,,11,0 - 1000,car,0.0006847566847915533
,,,,,,,11,0 - 1000,pt,0.00042629972548501564
,,,,,,,11,0 - 1000,ride,0.00022719744210688482
,,,,,,,11,0 - 1000,walk,0.017199193622818704
,,,,,,,11,1000 - 2000,bike,0.0028017786937620487
,,,,,,,11,1000 - 2000,car,0.0015883795122013141
,,,,,,,11,1000 - 2000,pt,0.0016120931992327648
,,,,,,,11,1000 - 2000,ride,0.0009127206814515304
,,,,,,,11,1000 - 2000,walk,0.00415060708258663
,,,,,,,11,2000 - 5000,bike,0.0027786126036669235
,,,,,,,11,2000 - 5000,car,0.002927280148929042
,,,,,,,11,2000 - 5000,pt,0.005363011755059554
,,,,,,,11,2000 - 5000,ride,0.0011045948694768852
,,,,,,,11,2000 - 5000,walk,0.0010166797003936516
,,,,,,,11,5000 - 10000,bike,0.0014591884479232032
,,,,,,,11,5000 - 10000,car,0.003978645888418108
,,,,,,,11,5000 - 10000,pt,0.007210678020338197
,,,,,,,11,5000 - 10000,ride,0.0012052288077563237
,,,,,,,11,5000 - 10000,walk,9.915238313136577e-05
,,,,,,,11,10000 - 20000,bike,0.0006086197547879267
,,,,,,,11,10000 - 20000,car,0.0034701041682991835
,,,,,,,11,10000 - 20000,pt,0.006482003207861252
,,,,,,,11,10000 - 20000,ride,0.0007001055506871348
,,,,,,,11,10000 - 20000,walk,3.8241930094191256e-06
,,,,,,,11,20000+,bike,9.340490917353526e-05
,,,,,,,11,20000+,car,0.0017455327009249053
,,,,,,,11,20000+,pt,0.001677338491266352
,,,,,,,11,20000+,ride,0.00021747805753468278
,,,,,,,11,20000+,walk,4.2802744366557224e-05
,,,,,,,12,0 - 1000,bike,0.001549619632041852
,,,,,,,12,0 - 1000,car,0.001076232750837203
,,,,,,,12,0 - 1000,pt,0.00016240077175452944
,,,,,,,12,0 - 1000,ride,0.0004136736312824529
,,,,,,,12,0 - 1000,walk,0.014332533648785898
,,,,,,,12,1000 - 2000,bike,0.002742006170651539
,,,,,,,12,1000 - 2000,car,0.00223811410412056
,,,,,,,12,1000 - 2000,pt,0.0009564124946793444
,,,,,,,12,1000 - 2000,ride,0.0011402880700228139
,,,,,,,12,1000 - 2000,walk,0.0031661008745308295
,,,,,,,12,2000 - 5000,bike,0.0023587300227237875
,,,,,,,12,2000 - 5000,car,0.004721879021123623
,,,,,,,12,2000 - 5000,pt,0.003480733425377397
,,,,,,,12,2000 - 5000,ride,0.0019086201563356456
,,,,,,,12,2000 - 5000,walk,0.000954466695969384
,,,,,,,12,5000 - 10000,bike,0.0009532365343384797
,,,,,,,12,5000 - 10000,car,0.004591299963089369
,,,,,,,12,5000 - 10000,pt,0.004543860807447877
,,,,,,,12,5000 - 10000,ride,0.0012115586308162755
,,,,,,,12,5000 - 10000,walk,0.0001281228158698498
,,,,,,,12,10000 - 20000,bike,0.0005547586263881814
,,,,,,,12,10000 - 20000,car,0.003946661176381171
,,,,,,,12,10000 - 20000,pt,0.0055167920911067545
,,,,,,,12,10000 - 20000,ride,0.0008970497852734
,,,,,,,12,10000 - 20000,walk,4.841998811805259e-05
,,,,,,,12,20000+,bike,4.960855850105393e-05
,,,,,,,12,20000+,car,0.0017534272668849377
,,,,,,,12,20000+,pt,0.0016743257057077834
,,,,,,,12,20000+,ride,0.0003473180457051511
,,,,,,,12,20000+,walk,7.479118834585922e-06
,,,,,,,2,0 - 1000,bike,0.005050596230066247
,,,,,,,2,0 - 1000,car,0.0004938595672225664
,,,,,,,2,0 - 1000,pt,0.0001782241893133965
,,,,,,,2,0 - 1000,ride,0.00017910256406457762
,,,,,,,2,0 - 1000,walk,0.021270961808746464
,,,,,,,2,1000 - 2000,bike,0.005493320878115136
,,,,,,,2,1000 - 2000,car,0.0008029547954445757
,,,,,,,2,1000 - 2000,pt,0.0013147649185962893
,,,,,,,2,1000 - 2000,ride,0.0003432551476452056
,,,,,,,2,1000 - 2000,walk,0.004138657690859976
,,,,,,,2,2000 - 5000,bike,0.008604465251230356
,,,,,,,2,2000 - 5000,car,0.0022135469112819555
,,,,,,,2,2000 - 5000,pt,0.006989782756737705
,,,,,,,2,2000 - 5000,ride,0.0007906148483502785
,,,,,,,2,2000 - 5000,walk,0.0011421026922782353
,,,,,,,2,5000 - 10000,bike,0.003487716235231477
,,,,,,,2,5000 - 10000,car,0.0027161331415125074
,,,,,,,2,5000 - 10000,pt,0.0072133325209239605
,,,,,,,2,5000 - 10000,ride,0.0005501245247972994
,,,,,,,2,5000 - 10000,walk,4.671422437520986e-05
,,,,,,,2,10000 - 20000,bike,0.0005304375814333201
,,,,,,,2,10000 - 20000,car,0.0014459255369982927
,,,,,,,2,10000 - 20000,pt,0.002788265583788114
,,,,,,,2,10000 - 20000,ride,0.00021003622823882655
,,,,,,,2,10000 - 20000,walk,4.244166424701542e-05
,,,,,,,2,20000+,bike,4.6831336683187656e-05
,,,,,,,2,20000+,car,0.0009272011985586371
,,,,,,,2,20000+,pt,0.0017416506680933183
,,,,,,,2,20000+,ride,0.00019592131382800563
,,,,,,,2,20000+,walk,1.2972870471694053e-05
,,,,,,,3,0 - 1000,bike,0.006126721741433992
,,,,,,,3,0 - 1000,car,0.000882518558168293
,,,,,,,3,0 - 1000,pt,0.0003177088037782355
,,,,,,,3,0 - 1000,ride,0.00031344965667144805
,,,,,,,3,0 - 1000,walk,0.0266730516801875
,,,,,,,3,1000 - 2000,bike,0.006286172321915664
,,,,,,,3,1000 - 2000,car,0.001984381366234638
,,,,,,,3,1000 - 2000,pt,0.0026298615096224335
,,,,,,,3,1000 - 2000,ride,0.0007031990042751308
,,,,,,,3,1000 - 2000,walk,0.005977435197106746
,,,,,,,3,2000 - 5000,bike,0.006988201818305366
,,,,,,,3,2000 - 5000,car,0.004481247364478226
,,,,,,,3,2000 - 5000,pt,0.008518962409465633
,,,,,,,3,2000 - 5000,ride,0.0016385235031704177
,,,,,,,3,2000 - 5000,walk,0.0013066835684885387
,,,,,,,3,5000 - 10000,bike,0.003720060536305093
,,,,,,,3,5000 - 10000,car,0.00422046513058407
,,,,,,,3,5000 - 10000,pt,0.009907003660449379
,,,,,,,3,5000 - 10000,ride,0.0010818443551092317
,,,,,,,3,5000 - 10000,walk,0.00011716112425193036
,,,,,,,3,10000 - 20000,bike,0.0008349933457361667
,,,,,,,3,10000 - 20000,car,0.0031315411961608925
,,,,,,,3,10000 - 20000,pt,0.006100430777172731
,,,,,,,3,10000 - 20000,ride,0.0005867768633231282
,,,,,,,3,10000 - 20000,walk,3.052502364770967e-05
,,,,,,,3,20000+,bike,2.7975233713775023e-05
,,,,,,,3,20000+,car,0.002179613672767154
,,,,,,,3,20000+,pt,0.0022843889921283452
,,,,,,,3,20000+,ride,0.0003111399892561867
,,,,,,,3,20000+,walk,1.4548669715036844e-05
,,,,,,,4,0 - 1000,bike,0.003720182159252118
,,,,,,,4,0 - 1000,car,0.0008825850389508568
,,,,,,,4,0 - 1000,pt,0.0002976118804704429
,,,,,,,4,0 - 1000,ride,0.0002445817322982659
,,,,,,,4,0 - 1000,walk,0.023519617763009457
,,,,,,,4,1000 - 2000,bike,0.004651138878188089
,,,,,,,4,1000 - 2000,car,0.002108397057267562
,,,,,,,4,1000 - 2000,pt,0.0021697396563633794
,,,,,,,4,1000 - 2000,ride,0.0007521689839011517
,,,,,,,4,1000 - 2000,walk,0.005489428376843404
,,,,,,,4,2000 - 5000,bike,0.005156526567170801
,,,,,,,4,2000 - 5000,car,0.005339494954266613
,,,,,,,4,2000 - 5000,pt,0.007997327167717436
,,,,,,,4,2000 - 5000,ride,0.0018120747072605122
,,,,,,,4,2000 - 5000,walk,0.0011301886026115885
,,,,,,,4,5000 - 10000,bike,0.002892081079816697
,,,,,,,4,5000 - 10000,car,0.005077950033224806
,,,,,,,4,5000 - 10000,pt,0.009251944847723164
,,,,,,,4,5000 - 10000,ride,0.0012092178855826852
,,,,,,,4,5000 - 10000,walk,0.0001555366955168614
,,,,,,,4,10000 - 20000,bike,0.0005677072704478153
,,,,,,,4,10000 - 20000,car,0.003245664886359722
,,,,,,,4,10000 - 20000,pt,0.004442869010467371
,,,,,,,4,10000 - 20000,ride,0.0005928118658738124
,,,,,,,4,10000 - 20000,walk,5.145651420926276e-05
,,,,,,,4,20000+,bike,1.733710379453084e-05
,,,,,,,4,20000+,car,0.0013209807227444468
,,,,,,,4,20000+,pt,0.0015537080083347277
,,,,,,,4,20000+,ride,0.0002786658570094898
,,,,,,,4,20000+,walk,0.0
,,,,,,,5,0 - 1000,bike,0.0012014711489663921
,,,,,,,5,0 - 1000,car,0.0009944678117647485
,,,,,,,5,0 - 1000,pt,0.00014431311073940042
,,,,,,,5,0 - 1000,ride,0.0002520061688032343
,,,,,,,5,0 - 1000,walk,0.011823896664835824
,,,,,,,5,1000 - 2000,bike,0.0017155495719097969
,,,,,,,5,1000 - 2000,car,0.0018091049926924861
,,,,,,,5,1000 - 2000,pt,0.0009081704709075619
,,,,,,,5,1000 - 2000,ride,0.0007944355846500475
,,,,,,,5,1000 - 2000,walk,0.0025652928332124667
,,,,,,,5,2000 - 5000,bike,0.0018985873239137114
,,,,,,,5,2000 - 5000,car,0.005284021947888201
,,,,,,,5,2000 - 5000,pt,0.0031524757042590617
,,,,,,,5,2000 - 5000,ride,0.002147400698980346
,,,,,,,5,2000 - 5000,walk,0.000909137023814012
,,,,,,,5,5000 - 10000,bike,0.0004657029045969187
,,,,,,,5,5000 - 10000,car,0.0048206670829319224
,,,,,,,5,5000 - 10000,pt,0.002648493651637096
,,,,,,,5,5000 - 10000,ride,0.0014380704195076208
,,,,,,,5,5000 - 10000,walk,3.463544905134671e-05
,,,,,,,5,10000 - 20000,bike,0.0006032295598889311
,,,,,,,5,10000 - 20000,car,0.004484961655446956
,,,,,,,5,10000 - 20000,pt,0.005084398217712845
,,,,,,,5,10000 - 20000,ride,0.0008728903840911699
,,,,,,,5,10000 - 20000,walk,6.324863208260127e-05
,,,,,,,5,20000+,bike,5.4263326231871946e-05
,,,,,,,5,20000+,car,0.0022830173748106227
,,,,,,,5,20000+,pt,0.0023580884002252635
,,,,,,,5,20000+,ride,0.0003415397186575287
,,,,,,,5,20000+,walk,5.7073019508750884e-06
,,,,,,,6,0 - 1000,bike,0.0032698639284251215
,,,,,,,6,0 - 1000,car,0.0013390558926142846
,,,,,,,6,0 - 1000,pt,0.0002430189531577892
,,,,,,,6,0 - 1000,ride,0.00038665580376270414
,,,,,,,6,0 - 1000,walk,0.01717484700762908
,,,,,,,6,1000 - 2000,bike,0.003680209944209338
,,,,,,,6,1000 - 2000,car,0.003072517067015773
,,,,,,,6,1000 - 2000,pt,0.0016340119316034687
,,,,,,,6,1000 - 2000,ride,0.001250452973717354
,,,,,,,6,1000 - 2000,walk,0.003568949805796372
,,,,,,,6,2000 - 5000,bike,0.003710120432164481
,,,,,,,6,2000 - 5000,car,0.006350366055778467
,,,,,,,6,2000 - 5000,pt,0.005150126580414362
,,,,,,,6,2000 - 5000,ride,0.0025256672778474275
,,,,,,,6,2000 - 5000,walk,0.0010820146701951395
,,,,,,,6,5000 - 10000,bike,0.0018029808573874536
,,,,,,,6,5000 - 10000,car,0.005885669632629175
,,,,,,,6,5000 - 10000,pt,0.006485868882196995
,,,,,,,6,5000 - 10000,ride,0.0014076790565613808
,,,,,,,6,5000 - 10000,walk,0.00026556554297510416
,,,,,,,6,10000 - 20000,bike,0.0008020106622045961
,,,,,,,6,10000 - 20000,car,0.004333641772254681
,,,,,,,6,10000 - 20000,pt,0.005903860720483451
,,,,,,,6,10000 - 20000,ride,0.0007681869993958611
,,,,,,,6,10000 - 20000,walk,0.00015706304200550358
,,,,,,,6,20000+,bike,6.405001608442788e-05
,,,,,,,6,20000+,car,0.0020037874058639214
,,,,,,,6,20000+,pt,0.0019474827981089211
,,,,,,,6,20000+,ride,0.00032946135115676336
,,,,,,,6,20000+,walk,3.737374683682059e-05
,,,,,,,7,0 - 1000,bike,0.004361262626207358
,,,,,,,7,0 - 1000,car,0.0009261820052570202
,,,,,,,7,0 - 1000,pt,0.0002923950500855392
,,,,,,,7,0 - 1000,ride,0.00032765906218878
,,,,,,,7,0 - 1000,walk,0.02400513389925087
,,,,,,,7,1000 - 2000,bike,0.005230406790123231
,,,,,,,7,1000 - 2000,car,0.0021002564810533317
,,,,,,,7,1000 - 2000,pt,0.002011611625427996
,,,,,,,7,1000 - 2000,ride,0.000910095174670708
,,,,,,,7,1000 - 2000,walk,0.0049889213043370784
,,,,,,,7,2000 - 5000,bike,0.005934877054033339
,,,,,,,7,2000 - 5000,car,0.004860631170523127
,,,,,,,7,2000 - 5000,pt,0.006883525499872187
,,,,,,,7,2000 - 5000,ride,0.0016884992629415856
,,,,,,,7,2000 - 5000,walk,0.0010284314246834397
,,,,,,,7,5000 - 10000,bike,0.003205912005044892
,,,,,,,7,5000 - 10000,car,0.004962201220650953
,,,,,,,7,5000 - 10000,pt,0.008339908568555703
,,,,,,,7,5000 - 10000,ride,0.0011948530393937871
,,,,,,,7,5000 - 10000,walk,0.0001783749307274118
,,,,,,,7,10000 - 20000,bike,0.00043874435486180327
,,,,,,,7,10000 - 20000,car,0.0038019134697643707
,,,,,,,7,10000 - 20000,pt,0.005024036077486386
,,,,,,,7,10000 - 20000,ride,0.0005804029736653702
,,,,,,,7,10000 - 20000,walk,3.7000473994414476e-05
,,,,,,,7,20000+,bike,0.0001268007046620834
,,,,,,,7,20000+,car,0.0018626091739699642
,,,,,,,7,20000+,pt,0.001748913883511788
,,,,,,,7,20000+,ride,0.00035237255675967476
,,,,,,,7,20000+,walk,4.385076259842107e-06
,,,,,,,8,0 - 1000,bike,0.0030844549469022805
,,,,,,,8,0 - 1000,car,0.000910634925662794
,,,,,,,8,0 - 1000,pt,0.0002703495920428802
,,,,,,,8,0 - 1000,ride,0.0005022134329565182
,,,,,,,8,0 - 1000,walk,0.018686914023874814
,,,,,,,8,1000 - 2000,bike,0.004026746186450592
,,,,,,,8,1000 - 2000,car,0.0022954239633304336
,,,,,,,8,1000 - 2000,pt,0.001473399674144042
,,,,,,,8,1000 - 2000,ride,0.0011489995639594364
,,,,,,,8,1000 - 2000,walk,0.004866962006068735
,,,,,,,8,2000 - 5000,bike,0.005640284894196399
,,,,,,,8,2000 - 5000,car,0.004540372105783738
,,,,,,,8,2000 - 5000,pt,0.004744619210387099
,,,,,,,8,2000 - 5000,ride,0.0019154936446360946
,,,,,,,8,2000 - 5000,walk,0.0010221268610057573
,,,,,,,8,5000 - 10000,bike,0.003155042256212003
,,,,,,,8,5000 - 10000,car,0.004615474537449616
,,,,,,,8,5000 - 10000,pt,0.008014783089249685
,,,,,,,8,5000 - 10000,ride,0.0013538947140764083
,,,,,,,8,5000 - 10000,walk,7.233870191701047e-05
,,,,,,,8,10000 - 20000,bike,0.0006344658509780061
,,,,,,,8,10000 - 20000,car,0.00369487170130683
,,,,,,,8,10000 - 20000,pt,0.005024123183501123
,,,,,,,8,10000 - 20000,ride,0.0007241292050981675
,,,,,,,8,10000 - 20000,walk,9.616375371539535e-06
,,,,,,,8,20000+,bike,4.687144497143607e-05
,,,,,,,8,20000+,car,0.001970229283961512
,,,,,,,8,20000+,pt,0.0017859725812703507
,,,,,,,8,20000+,ride,0.00039315934714423656
,,,,,,,8,20000+,walk,0.0
,,,,,,,9,0 - 1000,bike,0.003005347241934131
,,,,,,,9,0 - 1000,car,0.0007165462463969522
,,,,,,,9,0 - 1000,pt,0.00033408392553263956
,,,,,,,9,0 - 1000,ride,0.00038325831502254633
,,,,,,,9,0 - 1000,walk,0.01452628227151892
,,,,,,,9,1000 - 2000,bike,0.002810397374738548
,,,,,,,9,1000 - 2000,car,0.0018749508934360695
,,,,,,,9,1000 - 2000,pt,0.0012604384062304558
,,,,,,,9,1000 - 2000,ride,0.0007311883449921341
,,,,,,,9,1000 - 2000,walk,0.0035126036845342396
,,,,,,,9,2000 - 5000,bike,0.0032282551320240538
,,,,,,,9,2000 - 5000,car,0.0035677728501884824
,,,,,,,9,2000 - 5000,pt,0.003226947817334008
,,,,,,,9,2000 - 5000,ride,0.0012212853473967905
,,,,,,,9,2000 - 5000,walk,0.0009735656857557671
,,,,,,,9,5000 - 10000,bike,0.0013488271907612333
,,,,,,,9,5000 - 10000,car,0.003988684075851862
,,,,,,,9,5000 - 10000,pt,0.003965600472830616
,,,,,,,9,5000 - 10000,ride,0.0011263322500052575
,,,,,,,9,5000 - 10000,walk,0.00014916363891102295
,,,,,,,9,10000 - 20000,bike,0.0006002260145254694
,,,,,,,9,10000 - 20000,car,0.004044388045685885
,,,,,,,9,10000 - 20000,pt,0.005636657676740299
,,,,,,,9,10000 - 20000,ride,0.0007562947029884415
,,,,,,,9,10000 - 20000,walk,4.814172572118403e-05
,,,,,,,9,20000+,bike,4.1728825901431864e-05
,,,,,,,9,20000+,car,0.0027935281492898565
,,,,,,,9,20000+,pt,0.0029606210599754904
,,,,,,,9,20000+,ride,0.0004415660538214156
,,,,,,,9,20000+,walk,3.835874246860943e-05
